Ticker,Name,Exchange
A,Agilent Technologies,NYSE
AA,Alcoa Inc.,NYSE
AAN,Aaron's Inc,NYSE
AAT,American Assets Trust,NYSE
AAV,Advantage Oil & Gas Ltd,NYSE
AB,Alliance Capital Management L.P.,NYSE
ABB,Abb Ltd,NYSE
ABBV,Abbvie Inc. Common Stock,NYSE
ABC,Amerisourcebergen Corporation,NYSE
ABM,Abm Industries Incorporated,NYSE
ABR,Arbor Realty Trust,NYSE
ABR-PA,Arbor Realty Trust Preferred Se,NYSE
ABR-PB,Arbor Realty Trust Cumulative R,NYSE
ABT,Abbot Laboratories,NYSE
ABV,Companhia De Bebidas - Ambev,NYSE
ABV.C,Companhia De Bebidas - Ambev,NYSE
ABW-PB,Associated Banc-Corp Depositary,NYSE
ABX,Barrick Gold Corp.,NYSE
ACE,Ace Limited,NYSE
ACG,Alliancebernstein Income Fund Inc,NYSE
ACH,Aluminum Corporation of China Ltd.,NYSE
ACI,Arch Coal,NYSE
ACM,Aecom Technology Corp.,NYSE
ACMP,Access Midstream Partners L.P.,NYSE
ACN,Accenture Plc.,NYSE
ACO,Amcol International Corp.,NYSE
ACP,Avenue Income Credit Strategies,NYSE
ACRE,Ares Commercial Real Estate Cor,NYSE
ACT,Actavis Inc.,NYSE
ACTV,Active Network Inc,NYSE
ACW,Accuride Corporation New,NYSE
ADC,Agree Realty Corp.,NYSE
ADM,Archer-Daniels-Midland Company,NYSE
ADS,Alliance Data Systems Corp.,NYSE
ADT,Adt Corporation Common Stock W,NYSE
ADX,Adams Express Company,NYSE
AEB,Aegon Express Company,NYSE
AEC,Associated Estates Realty Corp.,NYSE
AED,Aegon Nv,NYSE
AEE,Ameren Corp.,NYSE
AEF,Aegon Nv,NYSE
AEG,Aegon Nv,NYSE
AEH,Aegon Nv,NYSE
AEK,Aegon N.V. 8.00%,NYSE
AEL,American Equity Investment Life,NYSE
AEM,Agnico-Eagle Mines Limited,NYSE
AEO,American Eagle Outfitters,NYSE
AEP,American Electric Power Company,NYSE
AER,Aercap Holdings N.V.,NYSE
AES,The Aes Corp.,NYSE
AES-PC,AES Corporation Class C P,NYSE
AET,Aetna Inc.,NYSE
AEV,Aegon Nv,NYSE
AF,Astoria Financial Corp.,NYSE
AFA,American Financial Group Inc.,NYSE
AFB,Alliance National Municipal,NYSE
AFC,Allied Capital Corp.,NYSE
AFG,American Financial Group,NYSE
AFL,Aflac Incorporated,NYSE
AFM,Affiliated Managers Group Inc,NYSE
AFQ,American Financial Group,NYSE
AFSD,Aflac Incorporated,NYSE
AFT,Apollo Senior Floating Rate Fund Inc.,NYSE
AFW,American Financial Group Inc.,NYSE
AG,First Majestic Silver,NYSE
AGC,Advent Claymore Convertible Securities,NYSE
AGCO,Agco Corp.,NYSE
AGD,Alpine Global Dynamic Dividend Fund,NYSE
AGI,Alamos Gold Inc.,NYSE
AGM,Federal Agricultural Mortgage Corp.,NYSE
AGM-A,Federal Agricultural Mortgage,NYSE
AGM.A,Federal Agricultural Mortgage Corp.,NYSE
AGN,Allergan,NYSE
AGO,Assured Guaranty Ltd,NYSE
AGO-PF,Assured Guaranty Ltd [B],NYSE
AGO-E,Assured Guaranty Ltd [E],NYSE
AGO-F,Assured Guaranty Ltd [F],NYSE
AGRO,Adecoagro S.A.,NYSE
AGU,Agrium Inc.,NYSE
AH,Accretive Health,NYSE
AHC,A.H. Belo Corp.,NYSE
AHH,Armada Hoffler Properties Inc.,NYSE
AHL,Aspen Insurance Holdings,NYSE
AHL-PA,Aspen Insurance Holdings Limite,NYSE
AHL-PC,Aspen Insurance Holdings Limite,NYSE
AHL-C,Aspen ins Pfd Inc,NYSE
AHS,Amn Healthcare Services Inc,NYSE
AHT,Ashford Hospitality Trust Inc,NYSE
AHT-PA,Ashford Hospitality Trust Inc 8,NYSE
AHT-PD,Ashford Hospitality Trust Inc 8,NYSE
AI,Arlington Asset Investment Corp,NYSE
AIB,Apollo Investment Corporation,NYSE
AIF,Apollo Tactical Income Fund Inc,NYSE
AIG,American International Group,NYSE
AIG-WT,American International Group,NYSE
AIN,Albany International Corp.,NYSE
AIR,Aar,NYSE
AIT,Applied Industrial Technologies,NYSE
AIV,Apartment Investment And Management,NYSE
AIV-Z,Aparment Inv. & Mgt. Co.,NYSE
AIW,Arlington Asset Investment Cor,NYSE
AIY,Apollo Investment Corporation,NYSE
AIZ,Assurant,NYSE
AJG,Arthur J. Gallagher & Co.,NYSE
AKO.A,Embotell Andina Sa A,NYSE
AKO.B,Embotell Andina Sa B,NYSE
AKP,Alliance California Muni,NYSE
AKR,Acadia Realty Trust,NYSE
AKS,Ak Steel Holding Corp.,NYSE
AL,Air Lease Corporation Class A C,NYSE
ALB,Albemarle Corp.,NYSE
ALDW,Alon USA Partners Lp,NYSE
ALE,Allete,NYSE
ALEX,Alexander And Baldwin Inc,NYSE
ALG,Alamo Group,NYSE
ALJ,Alon USA Energy,NYSE
ALK,Alaska Air Group,NYSE
ALL,Allstate Corporation,NYSE
ALL-A,Gmac Capital Trust I Fixed Rate,NYSE
ALL-B,Ally Financial Inc Fixed Rate F,NYSE
ALP-N,Alabama Pwr 5.2A Pfd,NYSE
ALP-O,Alabama Pwr 5.83A Pf,NYSE
ALP-P,Alabama Power 5.30 A,NYSE
ALR,Alere Inc.,NYSE
ALR-B,Alere Inc. inverness Medical In,NYSE
ALSN,Allison Transmission Holdings,NYSE
ALU,Alcatel Lucent,NYSE
ALV,Autoliv,NYSE
ALX,Alexander's,NYSE
AM,American Greetings Corp.,NYSE
AMD,Advanced Micro Devices,NYSE
AME,Amtek,NYSE
AMG,Affiliated Managers Group,NYSE
AMH,American Homes 4 Rent,NYSE
AMID,American Midsteampartners Lp,NYSE
AMP,Ameriprise Financial Services,NYSE
AMP-A,Ameriprise Financial,NYSE
AMRC,Ameresco Inc,NYSE
AMRE,Amreit Inc.,NYSE
AMT,American Tower Corp.,NYSE
AMT-A,Apollo Residential Preferred,NYSE
AMTD,TD Ameritrade Holding Corp.,NYSE
AMTG,Apollo Residential Mortgage In,NYSE
AMX,American Movil S.A.B. De C.V.,NYSE
AN,Autonation,NYSE
ANF,Abercrombie & Fitch Company,NYSE
ANFI,Amira Nature Foods Ltd,NYSE
ANH,Anworth Mortgage Asset Corp.,NYSE
ANH-A,Anworth Mtg Pfd A,NYSE
ANH-B,Anworth 6.25 Pr S B,NYSE
ANN,Ann Inc,NYSE
ANR,Alpha Natural Resources,NYSE
ANW,Aegean Marine Petroleum Network,NYSE
AOD,Alpine Total Dynamic Dividend,NYSE
AOI,Alliance One International,NYSE
AOL,Aol Inc.,NYSE
AON,Aon Plc,NYSE
AOS,Smith [A.O.] Corp.,NYSE
AP,Ampco-Pittsburgh Corp.,NYSE
APA,Apache Corp.,NYSE
APA-D,Apache Corporation,NYSE
APAM,Artisan Partners Asset Manageme,NYSE
APB,Asia Pacific Fund Inc.,NYSE
APC,Anadarko Petroleum Corp.,NYSE
APD,Air Products And Chemicals,NYSE
APF,Morgan Stanley Asia Pacific Fund Inc.,NYSE
APH,Amphenol Corp.,NYSE
APL,Atlas Pipeline Partners L.P.,NYSE
APO,Apollo Global Management LLc C,NYSE
APU,Amerigas Partners L.P.,NYSE
ARB,Arbitron Inc.,NYSE
ARC,American Reprographics Company,NYSE
ARDC,Ares Dynamic Credit Allocation,NYSE
ARE,Alexandria Real Estate Equities,NYSE
ARE-E,Alexandria Real Estate Equite,NYSE
ARG,Airgas,NYSE
ARH-C,Arch Capital Group Ltd. 6.75% P,NYSE
ARI,Apollo Commercial Real Estate,NYSE
ARI-A,Apollo Commercial Real Estate,NYSE
ARK,Senior High Income Portfolio,NYSE
ARL,American Realty Investors,NYSE
ARN,Ares Capital Corporation 7.00%,NYSE
ARO,Aeropostale Inc,NYSE
ARP,Atlas Resource Partners L.P. C,NYSE
ARPI,American Residential Properties,NYSE
ARR,Armour Residential R,NYSE
ARR-A,Armour Residential REIT Inc,NYSE
ARR-B,Armour Residential REIT Inc,NYSE
ARSD,Arabian American Development,NYSE
ARU,Ares Capital Corporation,NYSE
ARW,Arrow Electronics,NYSE
ARX,Aeroflex Holding,NYSE
ARY,Ares Capital Corp.,NYSE
ASA,Asa Gold And Precious Metals,NYSE
ASC,Ardmore Shipping Corporation,NYSE
ASG,Liberty All-Star Growth Fund,NYSE
ASGN,On Assignment,NYSE
ASH,Ashland Inc.,NYSE
ASI,American Safety Insurance Holdings,NYSE
ASP,American Strategic Income Portfolio,NYSE
ASR,Grupo Aeroporuario Del Sureste,NYSE
ASX,Advanced Semiconductor Engineering,NYSE
AT,Atlantic Power Corp.,NYSE
ATE,Advantest Corporation Ads,NYSE
ATHL,Athlon Energy Inc.,NYSE
ATI,Allagheny Technologies Inc.,NYSE
ATK,Alliant Techsystems Inc.,NYSE
ATLS,Atlas Energy Corp.,NYSE
ATO,Atmos Energy Llc,NYSE
ATR,Aptargroup,NYSE
ATU,Actuant Corp.,NYSE
ATV,Acorn International,NYSE
ATW,Atwood Oceanics,NYSE
AU,Anglogold Ashanti Ltd,NYSE
AU-A,Anglogold Ashanti Holdings Fin,NYSE
AUO,Au Optronics Corp,NYSE
AUQ,Aurico Gold Inc,NYSE
AUY,Yamana Gold,NYSE
AV,Aviva Plc,NYSE
AVA,Avista Corp.,NYSE
AVB,Avalonbay Communities,NYSE
AVD,American Vanguard Corp.,NYSE
AVG,Avg Technologies N.V.,NYSE
AVIV,Aviv REIT Inc. Common Stock,NYSE
AVK,Advent Claymore Convertible Securities,NYSE
AVP,Avon Products,NYSE
AVT,Avnet,NYSE
AVV,Aviva Plc,NYSE
AVX,Avx Corp.,NYSE
AVY,Avery Dennison Corp.,NYSE
AWC,Alumina Ltd,NYSE
AWF,Alliance World Dollar Fund II,NYSE
AWH,Allied World Assurance Company,NYSE
AWI,Armstrong World Industries Inc,NYSE
AWK,American Water Works,NYSE
AWP,Alpine Global Premier Propertie,NYSE
AWR,American States Water Company,NYSE
AXE,Anixter International Inc.,NYSE
AXL,American Axle & Manufacturing,NYSE
AXLL,Georgia Gulf Corp.,NYSE
AXP,American Express Company,NYSE
AXR,Amrep Corp.,NYSE
AXS,Axis Capital Holdings,NYSE
AXS-C,Axis Capital Holdings Limited P,NYSE
AXS-D,Axis Capital Holdings Limited,NYSE
AYI,Acuity Brands Inc,NYSE
AYN,Alliance New York Muni,NYSE
AYR,Aircastle Limited,NYSE
AZN,Astrazeneca Plc,NYSE
AZO,Autozone,NYSE
AZZ,Azz Inc.,NYSE
BCA,Corpbanca,NYSE
BCC,Boise Cascade L.L.C. Common ST,NYSE
BCE,Bce,NYSE
BCEI,Bonanza Creek Energy Inc.,NYSE
BCF,Blackrock Real Asset Equity Trust,NYSE
BCH,Banco De Chile,NYSE
BCO,Brink's Company,NYSE
BCR,C.R. Bard,NYSE
BCS,Barclays Plc,NYSE
BCS-A,Barclays Ads,NYSE
BCS-C,Barclays Bank 4 Ads,NYSE
BCS-D,Barclays Bank Plc,NYSE
BCS.P,Barclays Bk ADR Sr 2,NYSE
BCX,Blackrock Resources Common Shar,NYSE
BDC,Belden Inc,NYSE
BDJ,Blackrock Enhanced Dividend Achievers,NYSE
BDN,Brandywine Realty Trust,NYSE
BDN-E,Brandywine Realty Trust,NYSE
BDX,Becton Dickinson And Company,NYSE
BEAM,Beam Inc,NYSE
BEE,Strategic Hotels & Resorts Inc,NYSE
BEE-A,Strategic Hotels A,NYSE
BEE-B,Strategic Hotel Pf B,NYSE
BEE-C,Strategic H&R Srs C,NYSE
BEN,Franklin Resources,NYSE
BEP,Brookfield Renewable,NYSE
BERY,Berry Plastics Group Inc.,NYSE
BF.A,Brown Forman Inc A,NYSE
BF.B,Brown Forman Inc B,NYSE
BFAM,Bright Horizons Family Solutions Inc.,NYSE
BFK,Blackrock Florida Muni 2020 Trust,NYSE
BFR,Bbva Banco Frances S.A.,NYSE
BFS,Saul Centers,NYSE
BFS-A,Saul Ctrs Dep Pfd A,NYSE
BFS-C,Saul Centers Inc,NYSE
BFZ,Blackrock California Muni Trust,NYSE
BG,Bunge Limited,NYSE
BGB,Blackstone / Gso Strategic Cre,NYSE
BGC,General Cable Corp.,NYSE
BGCA,Bgc Partners Inc.,NYSE
BGE-B,Bge Capital Trust II,NYSE
BGG,Briggs & Stratton Corp.,NYSE
BGH,Babson Capital Global Short Du,NYSE
BGR,Blackrock Energy And Resources Trust,NYSE
BGS,B&G Foods Holdings,NYSE
BGT,Blackrock Global,NYSE
BGX,Blacstone Gso Long Short Credit Fund,NYSE
BGY,Blackrock International,NYSE
BH,Biglari Holdings Inc.,NYSE
BHD,Blackrock International,NYSE
BHE,Benchmark Electronics,NYSE
BHI,Baker Hughes Inc.,NYSE
BHK,Blackrock Core Trust,NYSE
BHL,Blackrock Defined Opportunity Trust,NYSE
BHLB,Berkshire Hills Bancorp,NYSE
BHP,Bhp Billiton Limited,NYSE
BHY,Blackrock High Yield Trust,NYSE
BID,Sotheby's Holdings,NYSE
BIE,Blackrock Muni Bond Investment Trust,NYSE
BIF,Uslife Income Fund,NYSE
BIG,Big Lots,NYSE
BIN,Iesi-Bfc Ltd,NYSE
BIO,Bio-Rad Laboratories,NYSE
BIO.B,Bio Rad Labs CI B,NYSE
BIOA,Bioamber Inc.,NYSE
BIP,Brookfield Infrastructure Partners Lp,NYSE
BIT,Blackrock Multi-Sector Income T,NYSE
BITA,Bitauto Holdings Limited,NYSE
BJZ,Blackrock California Muni 2018 Trust,NYSE
BK,Bank Of New York Mellon Corp.,NYSE
BK-C,The Bank Of New York Mellon Co,NYSE
BKD,Brookdale Senior Living Inc.,NYSE
BKE,Buckle,NYSE
BKH,Black Hills Corp.,NYSE
BKI,Buckeye Technologies,NYSE
BKK,Blackrock Muni 2020 Trust,NYSE
BKN,Blackrock Investment Quality Municipal,NYSE
BKS,Barnes & Noble,NYSE
BKT,Blackrock Income Trust Inc.,NYSE
BKU,Bankunited,NYSE
BKW,Burger King Wordwide,NYSE
BLC,Belo Corp.,NYSE
BLH,Blackrock New York Muni 2018 Trust,NYSE
BLK,Blackrock,NYSE
BLL,Ball Corp.,NYSE
BLOX,Infoblox Inc.,NYSE
BLT,Blount International,NYSE
BLW,Blackrock Limited Duration Income Trust,NYSE
BLX,Banco Latinoamericano De Comercio,NYSE
BMA,Banco Macro S.A.,NYSE
BME,Blackrock Health Sciences Trust,NYSE
BMI,Badger Meter,NYSE
BML-G,Bank America Dep G,NYSE
BML-H,Bank America Dep H,NYSE
BML-I,Bank America Dep I,NYSE
BML-L,Bank America Dep L,NYSE
BMO,Bank Of Montreal,NYSE
BMR,Biomed Realty Trust,NYSE
BMS,Bemis Company,NYSE
BMY,Bristol-Myers Squibb Company,NYSE
BNA,Blackrock Income Opportunity Trust Inc.,NYSE
BNJ,Blackrock New Jersey Muni Income Trust,NYSE
BNNY,Annie's Inc.,NYSE
BNS,Bank Of Nova Scotia,NYSE
BNY,Blackrock New York Muni Trust Inc.,NYSE
BOE,Blackrock Global,NYSE
BOH,Bank Of Hawaii Corp.,NYSE
BOI,Brookfield Mortgage Opportunit,NYSE
BORN,China New Borun Corp.,NYSE
BOXC,Brookfield Office Properties C,NYSE
BP,Bp P.L.C.,NYSE
BPI,Bridgepoint Education,NYSE
BPK,Blackrock Muni 2018 Trust,NYSE
BPL,Buckeye Partners L.P.,NYSE
BPO,Brookfield Properties Corp.,NYSE
BPT,Bp Prudhoe Bay Royalty Trust,NYSE
BPY,Brookfield Property Partners L.,NYSE
BPZ,Bpz Resources Inc,NYSE
BQH,Blackrock New York Muni Trust,NYSE
BQR,Blackrock Ecosolutions Investment Trust,NYSE
BR,Broadridge Financial Solutions Llc,NYSE
BRC,Brady Corp.,NYSE
BRE,Bre Properties,NYSE
BRE-D,Bre Pptys Pfd D,NYSE
BRFS,Brf-Brasil Foods S.A.,NYSE
BRK.A,Berkshire Hath Hld A,NYSE
BRK.B,Berkshire Hath Hld B,NYSE
BRO,Brown & Brown,NYSE
BRP,Brookfield Residential Propert,NYSE
BRS,Bristow Group Inc,NYSE
BRSS,Global Brass And Copper Holdin,NYSE
BRT,Brt Realty Trust,NYSE
BRY,Berry Petroleum Company,NYSE
BSAC,Banco Santander-Chile Ads,NYSE
BSBR,Banco Santander Brasil Sa,NYSE
BSD,Blackrock Strategic Muni Trust Inc.,NYSE
BSE,Blackrock New York Muni Income Trust,NYSE
BSI,Alon Holdings - Blue Square Israel Ltd,NYSE
BSL,Blackstone Gso Senior Floating Rate,NYSE
BSMX,Grupo Financiero Santander Mxi,NYSE
BSP,American Strategic Income Portfolio II,NYSE
BSX,Boston Scientific Corp.,NYSE
BT,Bt Group Plc,NYSE
BTA,Blackrock Long-Term Muni Advantage Trust,NYSE
BTE,Baytex Energy Corp,NYSE
BTF,Boulder Total Return Fund,NYSE
BTH,Blyth,NYSE
BTO,John Hancock Bank And Thrift Fund,NYSE
BTT,Blackrock Municipal Target Term,NYSE
BTU,Peabody Energy Corp.,NYSE
BTZ,Blackrock Preferred,NYSE
BUD,Anheuser-Busch Inbev Sa,NYSE
BUI,Blackrock Utility And Infrastr,NYSE
BVN,Compania Mina Beunaventura S.A.,NYSE
BWA,Borgwarner Inc.,NYSE
BWC,Babcock & Wilcox Company,NYSE
BWG,Legg Mason Bw Global Income Op,NYSE
BWP,Boardwalk Pipeline Partners L.P.,NYSE
BXC,Bluelinx Holdings Inc.,NYSE
BXMT,Blackstone Mortgage Trust Inc. CI A,NYSE
BXP,Boston Properties,NYSE
BXP-B,Boston Properties Inc.,NYSE
BXS,Bancorpsouth,NYSE
BXS-A,Bancorpsouth Cp TR I,NYSE
BYD,Boyd Gaming Corp.,NYSE
BYI,Bally Technologies,NYSE
BYM,Blackrock Muni Income Quality Trust,NYSE
BZ,Boise Inc,NYSE
BZH,Beazer Homes USA,NYSE
BZT,Beazer Homes USA Inc. 7.50% Tangible,NYSE
BZU,Beazer Homes USA,NYSE
C,Citigroup Inc.,NYSE
C-C,Citigroup Inc.,NYSE
C-E,Cg Cp Xvii 6.35 Trup,NYSE
C-N,Citigroup Capital XiII,NYSE
C-P,Citigroup Pfd Ser Aa,NYSE
C-Q,Citigrp Cap Vi Trups,NYSE
C-R,Citigroup Cap X,NYSE
C-S,Citigroup Cap Ix 6.0,NYSE
C.A,Citigroup Inc Wrnt 'A',NYSE
C.B,Citigroup Inc Wrnt 'B',NYSE
CAB,Cabela's Inc,NYSE
CACI,Caci International,NYSE
CAE,Cae Inc,NYSE
CAF,Morgan Stanley China A Share Fun Inc.,NYSE
CAG,Conagra Foods,NYSE
CAH,Cardinal Health,NYSE
CAJ,Canon,NYSE
CALX,Calix Inc,NYSE
CAM,Cameron International Corp.,NYSE
CAP,Cai International,NYSE
CAS,Castle [A.M.] & Co.,NYSE
CAT,Caterpillar,NYSE
CATO,Cato Corp.,NYSE
CB,Chubb Corp.,NYSE
CBA,Clearbridge American Energy Ml,NYSE
CBB,Cincinnati Bell Inc,NYSE
CBB-B,Cincinnati Bell Pr B,NYSE
CBD,Companhia Brasileira De Distribuicao,NYSE
CBG,Cbre Group Inc,NYSE
CBI,Chicago Bridge & Iron Company N.V.,NYSE
CBK,Christopher & Banks Corp.,NYSE
CBL,Cbl & Associated Properties,NYSE
CBL-D,Cbl Pfd D,NYSE
CBL-E,Cbl & Associates Properties I,NYSE
CBM,Cambrex Corp.,NYSE
CBO,Cbo [Listing Market - NYSE - Ne,NYSE
CBR,Ciber,NYSE
CBS,Cbs Corp.,NYSE
CBS.A,Cbs Corp.,NYSE
CBT,Cabot Corp.,NYSE
CBU,Communitiy Bank System,NYSE
CBX,Cbx [Listing Market NYSE Networ,NYSE
CBZ,Cbiz,NYSE
CCC,Calgon Carbon Corp.,NYSE
CCE,Coca-Cola Enterprises,NYSE
CCG,Campus Crest Communities,NYSE
CCG-A,Campus Crest Communities Inc.,NYSE
CCH,Coca Cola Hellenic Bottling Co,NYSE
CCI,Crown Castle International Corp.,NYSE
CCJ,Cameco Corp.,NYSE
CCK,Crown Cork & Seal Company,NYSE
CCL,Carnival Corp.,NYSE
CCM,Concord Medical Services,NYSE
CCO,Clear Channel Outdoor Holdings,NYSE
CCSC,Country Style Cooking,NYSE
CCU,Compania Cervecerias Unidas S.A.,NYSE
CCV,Comcast Corporation,NYSE
CCZ,Comcast Corp.,NYSE
CDE,Coeur D'Alene Mines Corp.,NYSE
CDE.W,Coeur D'Alene Mines Corporatio,NYSE
CDI,Cdi Corp.,NYSE
CDR,Cedar Shopping Centers Inc,NYSE
CDR-B,Cedar Realty Trust Inc.,NYSE
CE,Celanese Corp.,NYSE
CEA,China Eastern Airlines Corp Ltd,NYSE
CEB,The Corporate Executive Board Company,NYSE
CEC,Cec Entertainment,NYSE
CEE,Central Europe And Russia Fund,NYSE
CEM,Clearbridge Energy MLP Fund Inc.,NYSE
CEO,Cnoon Limited,NYSE
CF,Cf Industries Holdings,NYSE
CFC-A,Cntrywd Cap IV New,NYSE
CFC-B,Countrywde Cap V New,NYSE
CFI,Culp,NYSE
CFN,Carefusion Corp.,NYSE
CFR,Cullen/Frost Bankers,NYSE
CFR-A,Cullen/Frost Bankers Inc.,NYSE
CFX,Colfax Corp.,NYSE
CGA,China Green Agriculture,NYSE
CGG,Compagnie Generale De Gephysgu,NYSE
CGI,Celadon Group,NYSE
CGX,Consolidated Graphics,NYSE
CHA,China Telecom Corp Ltd,NYSE
CHC,China Hydroelectric Corp.,NYSE
CHC.W,China Hydroelectric Corp,NYSE
CHD,Church & Dwight Company,NYSE
CHE,Chemed,NYSE
CHH,Choice Hotels International,NYSE
CHK,Chesapeake Energy Corp.,NYSE
CHK-D,Chesapeake En Cv Pfd,NYSE
CHKR,Chesapeake Granite Wash Trust,NYSE
CHL,China Mobile [Hong Kong] Ltd,NYSE
CHMT,Chemtura,NYSE
CHN,China Fund,NYSE
CHS,Chico's Fas,NYSE
CHS-A,Chesapeake Lodging Trust 7.75%,NYSE
CHSP,Chesapeake Lodging Trust,NYSE
CHT,Chunghwa Telecom Co Ltd,NYSE
CHU,China Unicom [Honk Kong] Ltd,NYSE
CI,Cigna Corp.,NYSE
CIA,Citizens,NYSE
CIB,Bancolombia S.A.,NYSE
CIE,Cobalt International Energy,NYSE
CIF,Colonial Intermediate High,NYSE
CIG,Comp En De Mn Cemig Ads,NYSE
CIG.C,Comp En De Mn Cemig Ads,NYSE
CII,Blackrock Capital And Income Strategies,NYSE
CIM,Chimera Investment Corp.,NYSE
CIR,Circor International,NYSE
CIS,Camelot Information Systems,NYSE
CIT,Cit Group Inc [Del],NYSE
CJES,C&J Energy Services Inc.,NYSE
CKH,Seacor Smit Inc.,NYSE
CKP,Checkpoint Systms,NYSE
CL,Colgate-Palmolive Company,NYSE
CLB,Core Laboratories N.V.,NYSE
CLC,Clarcor Inc.,NYSE
CLD,Cloud Peak Energy Inc,NYSE
CLDT,Catham Lodging Trust [Reit],NYSE
CLF,Cliffs Natual Resources Inc.,NYSE
CLGX,Corelogic,NYSE
CLH,Clean Harbors,NYSE
CLI,Mack-Cali Realty Corp.,NYSE
CLN-A,Colony Financial Inc.,NYSE
CLNY,Colony Financial Inc.,NYSE
CLP,Colonial Properties Trust,NYSE
CLR,Continental Resources,NYSE
CLS,Celestica,NYSE
CLV,Cliffs Natural Resources Inc. Dep. Pfd.,NYSE
CLW,Clearwater Paper Corp.,NYSE
CLX,Clorox Company,NYSE
CM,Canadian Imperial Bank Of Commerce,NYSE
CMA,Comerica Inc.,NYSE
CMA.W,Comerica Inc.,NYSE
CMC,Commercial Metals Company,NYSE
CMG,Chipotle Mexican Grill,NYSE
CMI,Cummmins Inc.,NYSE
CMK,Colonial Intermarket Income Trust I,NYSE
CMLP,Crestwood Midstream Partners Lp,NYSE
CMN,Cantel Medical,NYSE
CMO,Capstead Mortgage Corp.,NYSE
CMO-E,Capstead Mortgage Corporation,NYSE
CMP,Compass Minerals Intl Inc,NYSE
CMRE,Costamare Inc.,NYSE
CMS,Cms Energy Corp.,NYSE
CMS-B,Consumers Engry 4.50,NYSE
CMU,Colonial Muni Income Trust,NYSE
CAN,Can Financial Corp.,NYSE
CNC,Centene Corp.,NYSE
CNCO,Cencosud S.A.,NYSE
CNH,Cnh Global N.V.,NYSE
CNI,Canadian National Railway Company,NYSE
CNK,Cinemark Holdings Inc,NYSE
CNL,Cleco Power Llc,NYSE
CNO,Cno Financial Group,NYSE
CNP,Centerpoint Energy Inc,NYSE
CNQ,Canadian Natural Resources,NYSE
CNS,Cohn & Steers Inc,NYSE
CNW,Con-Way Inc,NYSE
CNX,Consol Energy Inc.,NYSE
CO,China Cord Blood Corporation.,NYSE
CODE,Spansion Inc,NYSE
CODI,Compass Diversified Holdings,NYSE
COF,Capital One Financial Corp.,NYSE
COF-P,Capital One Financial Corp Pfd,NYSE
COF.W,Capital One Financial Corp,NYSE
COG,Cabot Oil & Gas Corp.,NYSE
COH,Coach,NYSE
COL,Rockwell Collins,NYSE
COLE,Cole Real Estate Investments,NYSE
COO,Cooper Companies,NYSE
COP,Conocophillips,NYSE
COR,Coresite Realty Corp.,NYSE
COR-A,Coresite Realty Corporation,NYSE
CORR,Corenergy Infrastructure Trust Inc,NYSE
COT,Cott Corp,NYSE
COTY,Coty Inc,NYSE
COV,Covidien Plc.,NYSE
COY,Blackrock Corporate High Yield Fund,NYSE
CP,Canadian Pacific Railway,NYSE
CPA,Copa Holdings S.A.,NYSE
CPAC,Cementos Pacasmayo S.A.A.,NYSE
CFB,Campbell Soup Company,NYSE
CPE,Callon Petroleum Company,NYSE
CPE-A,Callon Petroleum Company Prefer,NYSE
CPF,Cpb Inc.,NYSE
CPK,Chesapeake Utilities Corp.,NYSE
CPL,Cpfl Energia S.A.,NYSE
CPN,Calpine Corp.,NYSE
CPT,Camden Property Trust,NYSE
CQB,Chiquita Brands International,NYSE
CR,Crane Company,NYSE
CRD.A,Crawford So Cl A,NYSE
CRD.B,Crawford Co Cl B,NYSE
CRH,Crh Plc,NYSE
CRI,Carter's,NYSE
CRK,Comstock Resources,NYSE
CRL,Charles River Laboratories Intl,NYSE
CRM,Salesforce.Com Inc,NYSE
CRR,Carbo Ceramics,NYSE
CRS,Carpenter Technology Corp.,NYSE
CRT,Cross Timbers Royalty Trust,NYSE
CRY,Cryolife,NYSE
CS,Credit Suisse Group,NYSE
CSC,Computer Sciences Corp.,NYSE
CSE,Capitalsource Inc,NYSE
CSFS,The Cash Store Financial Services,NYSE
CSG,Chambers Street Properties,NYSE
CSH,Cash America International,NYSE
CSI,Cutwater Select Income Fund,NYSE
CSL,Carlisle Companies Inc.,NYSE
CSP,American Strategic Income Portfolio III,NYSE
CSS,Css Industries,NYSE
CST,Cst Brands Inc. Commmon Stock,NYSE
CSTM,Constellium N.V.,NYSE
CSU,Capital Senior Living Corp.,NYSE
CSV,Carriage Services,NYSE
CSX,Csx Corp.,NYSE
CTB,Cooper Tire & Rubber Company,NYSE
CTC,Ifm Investments Limited,NYSE
CTL,Centurylink,NYSE
CTQ,Qwest Corporation,NYSE
CTR,Clearbridge Energy MLP Fund In,NYSE
CTS,Cts Corp.,NYSE
CTU,Qwest Corporation,NYSE
CTW,Qwest Corporation,NYSE
CTX,Qwest Corporation,NYSE
CTY,Qwest Corporation,NYSE
CTZ-A,Citizens Funding,NYSE
CUB,Cubic Corp.,NYSE
CUB-A,Cubesmart 7.75% Series A Cumula,NYSE
CUBE,Cubesmart,NYSE
CUK,Carnival Plc Ads,NYSE
CUZ,Cousins Properties Inc.,NYSE
CUZ-B,Cousins Pptys Pfd B,NYSE
CVA,Covanta Holding Corp.,NYSE
CVB,Lehman Abs Corp.,NYSE
CVC,Cablevision Systems Corp.,NYSE
CVD,Covance Inc.,NYSE
CVE,Cenovus Energy Inc,NYSE
CVG,Convergys Corp.,NYSE
CVI,Cvr Energy Inc.,NYSE
CVO,Cenveo Inc,NYSE
CVRR,Cvr Refining Lp,NYSE
CVS,Cvs Corp.,NYSE
CVT,Cvent Inc,NYSE
CVX,Chevron Corp.,NYSE
CW,Curtiss-Wright Corp.,NYSE
CWH,Commonwealth REIT,NYSE
CWH-D,Commonwealth REIT Pfd Conv Shs,NYSE
CWH-E,Commonwealth REIT,NYSE
CWHN,Commonwealth REIT,NYSE
CWHO,Commonwealth REIT,NYSE
CWHO,Commonwealth REIT,NYSE
CWT,California Water Service Group Holding,NYSE
CWZ,Lehman Abs Corp.,NYSE
CX,Cemex S.A.B. De C.V. Sponsored,NYSE
CXE,Colonial High Income Muni Trust,NYSE
CXH,Colonial Investment Grade Muni Trust,NYSE
CXO,Concho Resources Inc.,NYSE
CXW,Corrections Corporation Of America,NYSE
CYD,China Yuchai International,NYSE
CYE,Blackrock Corporate Yield Fund III,NYSE
CYH,Community Health Systems,NYSE
CYN,City National Corp.,NYSE
CYN-C,City National Corporation,NYSE
CYNI,Cyan Inc. Common Stock,NYSE
CYS,Cys Investments Inc,NYSE
CYS-A,Cys Investments Inc.,NYSE
CYS-B,Cys Investments Inc.,NYSE
CYT,Cytec Industries Inc.,NYSE
CZZ,Cosan Limited,NYSE
D,Dominion Resources,NYSE
DAC,Danaos Corp.,NYSE
DAL,Delta Air Lines Inc.,NYSE
DAN,Dana Holding Corp.,NYSE
DANG,E-Commerce China Dangdang Inc.,NYSE
DAR,Darling International Inc.,NYSE
DATA,Tableau Software Inc. Class A,NYSE
DB,Deutsche Bank Ag,NYSE
DBD,Diebold Inc.,NYSE
DBL,Doubleline Opportunistic Credi,NYSE
DCA,Dca Total Return Fund,NYSE
DCE,Deutsche Bk Cap Fdg TR X,NYSE
DCI,Donaldson Company,NYSE
DCM,Ntt Docomo Inc,NYSE
DCO,Ducommun Inc.,NYSE
DCT,Dct Industrial Trust Inc,NYSE
DCUA,Dominion Resources,NYSE
DCUB,Dominion Resources Inc. Un Series B,NYSE
DD,E.I. Du Pont De Nemours And Company,NYSE
DD-A,Du Pont E I 3.50 Pfd,NYSE
DD-B,Du Pont E I 4.50 Pfd,NYSE
DDC,Dominion Diamond Corporation,NYSE
DDD,3D Systems Corp.,NYSE
DDE,Dover Downs Gaming & Entertainment Inc,NYSE
DDF,Delaware Dividend & Income,NYSE
DDR,Ddr Corp,NYSE
DDR-H,Deveprs Div Rlt Dep,NYSE
DDR-J,Ddr Corp,NYSE
DDR-K,Ddr Corp,NYSE
DDS,Dillard's,NYSE
DDT,Dillard's,NYSE
DE,Deere & Company,NYSE
DEG,Etablissements Delhaize Freres,NYSE
DEI,Douglas Emmett,NYSE
DEL,Deltic Timber Corp.,NYSE
DEO,Diageo Plc,NYSE
DEX,Delaware Enhanced Global Dividend,NYSE
DF,Dean Foods Company,NYSE
DFP,Flaherty & Crumrine Dynamic,NYSE
DFS,Discover Financial Services,NYSE
DFS-B,Discover Financial Services,NYSE
DFT,Dupont Fabros Technology,NYSE
DFT-A,Dupont Fabros Technology Inc.,NYSE
DFT-B,Dupont Fabros Technology Inc.,NYSE
DG,Dollar General Corp.,NYSE
DGI,Digitalglobe Inc,NYSE
DGX,Quest Diagnostics Inc.,NYSE
DHF,Dreyfus High Yield Strategies Fund,NYSE
DHG,Dws High Income Opportunities Fund,NYSE
DHI,D.R. Horton,NYSE
DHR,Danaher Corp.,NYSE
DHT,Dht Holdings,NYSE
DHX,Dice Holdings,NYSE
DIN,Dineequity Inc,NYSE
DIS,Walt Disney Company,NYSE
DK,Dalek US Holdings,NYSE
DKL,Delek Logistics Partners Lp,NYSE
DKS,Dick's Sporting Goods Inc,NYSE
DKT,Deutsch Bk Contingent Cap TR V,NYSE
DL,China Distance Education Holdings,NYSE
DLB,Dolby Laboratories,NYSE
DLPH,Delphi Automotive Plc,NYSE
DLR,Digital Realty Trust,NYSE
DLR-E,Digital Realtytrust Inc.,NYSE
DLR-F,Digital Realty Trust Inc.,NYSE
DLR-G,Digital Realty Trust Inc.,NYSE
DLX,Deluxe Corp.,NYSE
DM,Dolan Company,NYSE
DM-B,Dolan Company The,NYSE
DMB,Dreyfus Munipal Bond Indrastr,NYSE
DMD,Demand Media Inc.,NYSE
DMO,Western Asset Mortgage Defined Opp,NYSE
DNB,Dun & Bradstreet Corp.,NYSE
DNI,Chartwell Dividend & Income Fund,NYSE
DNP,Duff & Phelps Utilities Income,NYSE
DNR,Denbury Resources,NYSE
DNY,The Denali Fund,NYSE
DO,Diamond Offshore Drilling,NYSE
DOC,Physicians Realty Trust,NYSE
DOLE,Dole Food Company,NYSE
DOM,Dominion Resources Black Warrior,NYSE
DOV,Dover Corp.,NYSE
DOW,DOW Chemical Company,NYSE
DOX,Amdocs Limited,NYSE
DPD,DOW 30 Premium,NYSE
DPG,Duff & Phelps Global Utility I,NYSE
DPM,Dcp Midstream Partners Lp,NYSE
DPO,DOW 30 Premium,NYSE
DPS,Dr Pepper Snapple Group Inc,NYSE
DPZ,Domino's Pizza Inc,NYSE
DQ,Daqq New Energy,NYSE
DRC,Dresser-Rand Group Inc.,NYSE
DRD,Drdgold Limited,NYSE
DRE,Duke Realty Corp.,NYSE
DRE-J,Duke Rlty Dep Pfd J,NYSE
DRE-K,Duke Realty K,NYSE
DRE-L,Duke Rlty Dep Sh,NYSE
DRH,Diamondrock Hospitality Company,NYSE
DRI,Darden Resorts International,NYSE
DRL,Doral Financial Corp.,NYSE
DRQ,Dril-Quip,NYSE
DRU,Dominion Resources,NYSE
DSL,Doubleline Income Solutions Fun,NYSE
DSM,Dreyfus Strategic Muni Bond Fund,NYSE
DST,Dst Systems,NYSE
DSU,Blackrock Debt Strategies Fund,NYSE
DSW,Dsw Inc.,NYSE
DSX,Diana Shipping Inc.,NYSE
DTE,Dte Energy Company,NYSE
DTF,Duff & Phelps Utilities Tax-Free Income,NYSE
DTK,Deutsche Bk Contingent Cap TR I,NYSE
DTQ,Dte Energy Co.,NYSE
DTT,Deutsche Bk Cap Fdg TR Ix Gua,NYSE
DTZ,Dte Energy Co.,NYSE
DUA,Deutsche Bk Cap Fdg TR ViII 6,NYSE
DUC,Duff & Phelps Utility & Corporate Trust,NYSE
DUK,Duke Energy Corp.,NYSE
DUKH,Duke Energy Corporation,NYSE
DV,Devry Inc.,NYSE
DVA,Davita Inc.,NYSE
DVD,Dover Downs Entertainment,NYSE
DVM,Cohen & Steers Dividend Majors Fund,NYSE
DVN,Devon Energy Corp.,NYSE
DVR,Cal Dive International,NYSE
DW,Drew Industries Inc.,NYSE
DWRE,Demandware Inc.,NYSE
DX,Dynex Capital,NYSE
DX-A,Dynex Capital Inc.,NYSE
DX-B,Dynex Capital Inc.,NYSE
DXB,Deutsche Bk Contingent Cap TR I,NYSE
DY,Dycom Industries,NYSE
DYN,Dynegy Inc,NYSE
DYN.W,Dynegy Inc. Warrants,NYSE
E,Eni S.P.A.,NYSE
EAA,Entergy Arkansas,NYSE
EAB,First Mortgage Bonds,NYSE
EAE,Entergy Arkansas Inc.,NYSE
EARN,Ellington Residential Mortgage,NYSE
EAT,Brinker International,NYSE
EBF,Ennis,NYSE
EBR,Centrais Elc Braz Pfb B Elbras,NYSE
EBR.B,Centrais Elc Braz Pfb B Elbras,NYSE
EBS,Emergent Biosolutions,NYSE
EC,Ecopetrol S.A.,NYSE
ECA,Encana Corp.,NYSE
ECL,Ecolab Inc.,NYSE
ECOM,Channeladvisor Corporation,NYSE
ECT,Eca Marcellus Trust I,NYSE
ED,Consolidated Edison Company Of New York,NYSE
EDD,Emerging Markets Domestic Debt Fund,NYSE
EDE,Empire District Electric Company,NYSE
EDF,Stone Harbor Emerging Markets,NYSE
EDG,Edgen Group Inc,NYSE
EDI,Stone Harbor Emerging Markets,NYSE
EDN,Empresa Distibuidora Y Comercializadora,NYSE
EDT,Entergy Texas Inc,NYSE
EDU,New Oriental Education & Technology,NYSE
EE,El Paso Electric Company,NYSE
EEA,European Equity Fund,NYSE
EEP,Enbridge Energy L.P.,NYSE
EEQ,Enbridge Energy Management Llc,NYSE
EFC,Ellington Financial Llc,NYSE
EFF,Eaton Vance Floating-Rate Inco,NYSE
EFM,Entergy Mississippi,NYSE
EFR,Eaton Vance Senior Floating-Rate Fund,NYSE
EFT,Eaton Vance Floating Rate Income Trust,NYSE
EFX,Equifax,NYSE
EGF,Blackrock Enhanced Government Fund,NYSE
EGL,Engility Holdings Inc. Common,NYSE
EGN,Energen Corp.,NYSE
EGO,Eldorado Gold Corp,NYSE
EGP,Eastgroup Properties,NYSE
EGY,Vaalco Energy Inc,NYSE
EHI,Western Asset Global High,NYSE
EIG,Employers Holdings Inc,NYSE
EIX,Edison International,NYSE
EJ,E-House [China] Holdings,NYSE
EL,Estee Lauder Companies,NYSE
ELA,Entergy Louisiana Llc,NYSE
ELB,Entergy Louisiana,NYSE
ELJ,Entergy Louisiana Llc,NYSE
ELLI,Ellie Mae Inc,NYSE
ELN,Elan Corporation Plc,NYSE
ELP,Companhia Paranaense De Energia,NYSE
ELS,Equity Lifestyle Properties,NYSE
ELS-C,Eqty Lifestyle Properties Inc,NYSE
ELU,Entergy Louisiana Llc First M,NYSE
ELX,Emulex Corp.,NYSE
ELY,Callaway Golf Company,NYSE
EMC,Emc Corp.,NYSE
EMD,Western Asset Emerging Markets Fund,NYSE
EME,Emcor Group,NYSE
EMES,Emerge Energy Services Lp Commo,NYSE
EMF,Templeton Emerging Markets Fund,NYSE
EMN,Eastman Chemical Company,NYSE
EMO,Clearbridge Energy MLP Opportu,NYSE
EMQ,Entergy Mississippi,NYSE
EMR,Emerson Electric Company,NYSE
EMZ,Entergy Mississippi Inc. First,NYSE
ENB,Enbridge Inc,NYSE
END,Endeavor International Corp.,NYSE
ENH,Endurance Specialty Holdings Ltd,NYSE
ENH-A,Endurance Spec Pfd,NYSE
ENH-B,Endurance Speacialty Holdings L,NYSE
ENI,Enersis S A,NYSE
ENJ,Entergy New Orleans Inc.,NYSE
ENL,Reed Elsevier Nv,NYSE
ENR,Energizer Holdings,NYSE
ENS,Enersys,NYSE
ENV,Envestment Inc,NYSE
ENZ,Enzo Biochem,NYSE
EOC,Empresa Nacional De Electricidad S.A.,NYSE
EOD,Wells Fargo Global Dividend Opportunity,NYSE
EOG,Eog Resources,NYSE
EOI,Eaton Vance Enhance Equity,NYSE
EOS,Eaton Vance Enhanced Equity II,NYSE
EOT,Eaton Vance Muni Income Trust,NYSE
EP-C,El Paso Egy Cap I Pr,NYSE
EPAM,Epam Systems Inc.,NYSE
EPB,El Paso Pipeline Partners Lp,NYSE
EPD,Enterprise Products Partners L.P.,NYSE
EPL,Energy Partners,NYSE
EPR,Entertainment Properties Trust,NYSE
EPR-C,Entertainment Prp Pf,NYSE
EPR-E,Entertainment Properties Trust,NYSE
EPR-F,Entertainment Properties Trust,NYSE
EQM,Eqt Midstream Partners Lp,NYSE
EQR,Equity Residential,NYSE
EQS,Equus Total Return,NYSE
EQT,Eqt Corp.,NYSE
EQU,Equal Energy Ltd,NYSE
EQY,Equity One,NYSE
ERA,Era Group Inc. Common Stock W,NYSE
ERF,Enerplus Corp.,NYSE
ERJ,Embraer-Empresa Brasileira De,NYSE
ESC,Emeritus Corp.,NYSE
ESD,Western Asset Emerging Markets Debt Fund,NYSE
ESE,Esco Technologies Inc.,NYSE
ESI,Itt Educational Services,NYSE
ESL,Esterline Technologies Corp.,NYSE
ESS,Essex Property Trust,NYSE
ESS-H,Essex Property Trust Inc. 7.12,NYSE
ESV,Ensco Plc,NYSE
ETB,Eaton Vance Tax-Managed Buy-Write,NYSE
ETE,Energy Transfer Equity L.P.,NYSE
ETG,Eaton Vance Tax-Advantaged Global,NYSE
ETH,Ethan Allen Interiors Inc.,NYSE
ETJ,Eaton Vance Risk-Managed Diversified,NYSE
ETM,Entercom Communications Corp.,NYSE
ETN,Eaton Corp.,NYSE
ETO,Eaton Vance Tax-Advantage Global,NYSE
ETP,Energy Transfer Partners,NYSE
ETR,Entergy Corp.,NYSE
ETV,Eaton Vance Corp.,NYSE
ETW,Eaton Vance Corp.,NYSE
ETX,Eaton Vance Municipal Income T,NYSE
ETY,Eaton Vance Tax-Managed Diversified,NYSE
EV,Eaton Vance Corp.,NYSE
EVC,Entravision Communications Corp.,NYSE
EVER,Everbank Financial Corp.,NYSE
EVF,Eaton Vance Senior Income Trust,NYSE
EVG,Eaton Vance Short Diversified,NYSE
EVHC,Envision Healthcare Holdings,NYSE
EVN,Eaton Vance Muni Income Trust,NYSE
EVR,Evercore Partners Inc,NYSE
EVT,Eaton Vance Tax Advantaged Dividend,NYSE
EVTC,Evertec Inc. Common Stock,NYSE
EW,Edwards Lifesciences Corp.,NYSE
EXAM,Examworks Group,NYSE
EXAR,Exar Corp.,NYSE
EXC,Exelon Corp.,NYSE
EXD,Eaton Vance Tax-Advantaged Bond,NYSE
EXG,Eaton Vance Tax-Managed Global,NYSE
EXH,Exterran Holdings,NYSE
EXK,Endeavour Silver Corp.,NYSE
EXL,Excel Trust,NYSE
EXL-B,Excel Trust Inc.,NYSE
EXP,Eagle Materials Inc.,NYSE
EXP,Eagle Materials Inc,NYSE
EXPR,Express,NYSE
EXR,Extra Space Storage Inc,NYSE
F,Ford Motor Company,NYSE
FAC,Liberte Investors Inc.,NYSE
FAF,First American Corp.,NYSE
FAM,First Trust/Aberdeen Global Opportunity,NYSE
FAV,Active Dividend,NYSE
FBC,Flagstar Bancorp,NYSE
FBHS,Fortune Brands Home & Security,NYSE
FBN,Furniture Brands International,NYSE
FBP,First Bancorp.,NYSE
FBR,Fibria Celulose S.A.,NYSE
FBS-A,First Pfd Cp IV 8.15,NYSE
FC,Franklin Covey Company,NYSE
FCE.A,Forest City Ent Cl A,NYSE
FCE.B,Forest City Ent Cl B,NYSE
FCF,First Commonwealth Financial Corp.,NYSE
FCH,Felcor Lodging Trust Inc.,NYSE
FCH-A,Felcor Lodg Pr A,NYSE
FCH-C,Felcor Lodging Dep S,NYSE
FCN,Fti Consulting,NYSE
FCS,Fairchild Semiconductor International,NYSE
FCT,Senior Floating Rate II,NYSE
FCX,Freeport-Mcmoran Copper & Gold,NYSE
FCY,Forest City Enterprises Inc,NYSE
FDI,Fort Dearborn Income Securities,NYSE
FDO,Family Dollar Store,NYSE
FDP,Fresh Del Monte Produce,NYSE
FDS,Factset Research Systems Inc.,NYSE
FDX,Fedex Corp.,NYSE
FE,Firstenergy Corp.,NYSE
FEI,First Trust MLP And Energy Inc,NYSE
FENG,Phoenix New Media Limited,NYSE
FEO,First Trust/Aberdeen Emerging,NYSE
FET,Forum Energy Technologies Inc,NYSE
FF,Futurefuel Corp.,NYSE
FFA,First Trust Enhanced Equity Income Fund,NYSE
FFC,Flaherty Crumrine/Claymore Preferred,NYSE
FGB,Ferrellgas-Partners L.P.,NYSE
FHN,First Tennessee National Corp.,NYSE
FHN-A,First Horizon National Corpora,NYSE
FHY,Strategic High II,NYSE
FI,Frank's International N.V.,NYSE
FICO,Fair Isaac And Company Inc.,NYSE
FIF,First Trust Energy Infrastruct,NYSE
FIG,Fortress Investment Group,NYSE
FII,Federated Investors,NYSE
FIO,Fusion-Io Inc.,NYSE
FID,Fidelity National Information Services,NYSE
FIX,Comfort Systems USA,NYSE
FL,Footlocker Inc,NYSE
FLC,Flaherty & Crumrine/Claymore Total,NYSE
FLO,Flowers Foods,NYSE
FLR,Fluor Corp.,NYSE
FLS,Flowserve Corp.,NYSE
FLT,Fleetcor Technologies,NYSE
FLTX,Fleetmatics Group Plc,NYSE
FLY,Fly Leasing Limited,NYSE
FMC,Fmc Corp.,NYSE
FMD,First Marblehead Corp.,NYSE
FMN,Federated Premier Muni,NYSE
FMO,Fiduciary/Claymore MLP Opportunity Fund,NYSE
FMS,Fresenius Medical Care Corp.,NYSE
FMX,Fomento Economico Mexicano S.A.B. De,NYSE
FMY,First Trust/Fidac Mortgage Income Fund,NYSE
FN,Fabrinet,NYSE
FNB,F.N.B. Corp.,NYSE
FNF,Fidelity National Financial,NYSE
FNF-B,First Niagara Financial Group,NYSE
FNP,Fifth & Pacific Cos. Inc,NYSE
FNV,Franco Nev Corp,NYSE
FOE,Ferro Corp.,NYSE
FOF,Cohen & Steers Closed-End Opportunity,NYSE
FOR,Forestar Group Inc,NYSE
FPF,First Trust Intermediate Durat,NYSE
FPO,First Potomac Realty Trust,NYSE
FPO-A,First Potomac Realty Trust Cumu,NYSE
FPT,Federated Premier Intermediate Muni,NYSE
FR,First Industrial Realty Trust,NYSE
FRA,Blackrock Floating Rate Income Fund,NYSE
FRC,First Republic Bank,NYSE
FRC-A,First Republic Bank 6.70%,NYSE
FRC-B,First Republic Bank,NYSE
FRC-C,First Republic Bank,NYSE
FRC-D,First Republic Bank San Francis,NYSE
FRF,Fortegra Financial Corp.,NYSE
FRM,Furmanite Corp.,NYSE
FRO,Frontline Ltd,NYSE
FRT,Federal Realty Investment Trust,NYSE
FRX,Forest Laboratories,NYSE
FSCE,Fifth Street Finance Corp.,NYSE
FSD,High Income Long Short Fund,NYSE
FSL,Freescale Semiconductor Holdin,NYSE
FSM,Fortuna Silver Mines,NYSE
FSS,Federal Signal Corp.,NYSE
FST,Forest Oil Corp.,NYSE
FT,Franklin Universal Trust,NYSE
FTI,Fmc Technologies,NYSE
FTK,Flotek Industries,NYSE
FTT,Federated Enhanced Treasury Income,NYSE
FUL,H.B. Fuller Company,NYSE
FUN,Cedar Fair L.P.,NYSE
FUR,Winthrop Realty Trust,NYSE
FUR-D,Winthrop Realty Trust Preferred D Shares,NYSE
FVE,Five Star Quality Care,NYSE
FXCM,Fxcm Inc.,NYSE
G,Genpact Limited,NYSE
GA,Giant Interactive Group Inc,NYSE
GAB,Gabelli Equity Trust,NYSE
GAB-D,Gabelli Eq TR Pfd D,NYSE
GAB-G,The Gabelli Equity Trust Inc,NYSE
GAB-H,The Gabelli Equity Trust Inc.,NYSE
GAM,General American Investors,NYSE
GAM-B,Genl Amer Invs Pfd,NYSE
GAS,Agl Resources,NYSE
GAT,Georgia Power Company,NYSE
GB,Greatbatch,NYSE
GBAB,Guggenheim Build America Bonds,NYSE
GBL,Gamco Investors,NYSE
GBX,Greenbrier Companies,NYSE
GCA,Global Cash Access Holdings,NYSE
GCAP,Gain Capital Holdings,NYSE
GCH,Greater China Fund,NYSE
GCI,Gannet Co.,NYSE
GCO,Genesco Inc.,NYSE
GCV,Gabelli Convertible And Income,NYSE
GCV-B,Gabelli 6.00% Pfd B,NYSE
GD,General Dynamics Corp.,NYSE
GDF,Western Asset Global Partners,NYSE
GDI,Gardner Denver,NYSE
GDL,The Gdl Fund,NYSE
GDL-B,The Gdl Fund Series B Cumulativ,NYSE
GDO,Western Asset Global Corporate Defined,NYSE
GDOT,Green Dot Corp.,NYSE
GDP,Goodrich Petroleum Corp.,NYSE
GDP-C,Goodrich Petroleum Corporation,NYSE
GDP-D,Goodrich Petroleum Corporation,NYSE
GDV,Gabelli Dividend,NYSE
GDV-A,Gabelli Dv,NYSE
GDV-D,Gabelli Pref D,NYSE
GE,General Electric Company,NYSE
GE-A,General Electric,NYSE
GEB,General Electric Capital Corpo,NYSE
GEF,Greif Bros. Corp.,NYSE
GEF.B,Greif Bros. Corp.,NYSE
GEH,General Electric Capital Corpo,NYSE
GEK,General Electric Capital Corpo,NYSE
GEL,Genesis Energy L.P.,NYSE
GEO,Geo Group Inc,NYSE
GEQ,Guggenheim Equal Weight Enhance,NYSE
GES,Guess,NYSE
GF,New Germany Fund,NYSE
GFA,Gafisa Sa,NYSE
GFF,Griffon Corp.,NYSE
GFI,Gold Fields Ltd,NYSE
GFIG,Gfi Group Inc.,NYSE
GFY,Western Asset Variable Rate Strategic,NYSE
GG,Goldcorp Inc.,NYSE
GGB,Gerdau S.A.,NYSE
GGE,Claymore Dividend & Income Fund,NYSE
GGG,Graco Inc.,NYSE
GGM,Guggenheim Credit Allocation F,NYSE
GGP,General Growth Properties,NYSE
GGP-A,General Growth Properties Inc,NYSE
GGS,Global Geophyisical Services,NYSE
GGT,Gabelli Global Multi-Media Trust,NYSE
GGT-B,Gabelli Global Multi-Media Trus,NYSE
GHI,Global High Income Dollar Fund,NYSE
GHL,Greenhill,NYSE
GHY,Prudential Global Short Durati,NYSE
GIB,Cgi Group,NYSE
GIL,Gildan Activewear,NYSE
GIM,Templeton Global,NYSE
GIMO,Gigamon Inc.,NYSE
GIS,General Mills,NYSE
GJH,Strats Sm Trust For United States,NYSE
GJJ,Strats Sm Trust For Goldman Sachs Group,NYSE
GJK,Strats Sm Trust For JP Morgan Chase & Co,NYSE
GJM,Gmac Llc,NYSE
GJO,Strats Sm Trust For Wal-Mart Stores Inc,NYSE
GJP,Strats Sm Trust For Dominion Resources,NYSE
GJR,Strats Sm Trust For The Procter & Gamble,NYSE
GJS,Strats Sm Trust For Goldman Sachs Group,NYSE
GJT,Strats Sm Trust For Allstate Group,NYSE
GJV,Strats Sm Trust For News Corp Securities,NYSE
GKM,Gmac Llc,NYSE
GLF,Gulfmark Offshore,NYSE
GLOG,Gaslog Ltd,NYSE
GLP,Global Partners Lp,NYSE
GLT,Glatfelter,NYSE
GLW,Corning Inc.,NYSE
GM,General Motors Company,NYSE
GM-B,General Motors Company,NYSE
GM.A,General Mtrs,NYSE
GM.B,General Mtrs,NYSE
GMA,Gmac Llc,NYSE
GME,Gamestop Corp.,NYSE
GMED,Globus Medical Inc.,NYSE
GMK,Gruma S.A. De C.V.,NYSE
GMT,Gatx Corp.,NYSE
GNC,Gnc Holdings Inc.,NYSE
GNE,Genie Energy Ltd. Class B Commo.,NYSE
GNE-A,Genie Energy Ltd. Series,NYSE
GNI,Great Northern Iron Ore Properties,NYSE
GNK,Genco Shipping,NYSE
GNRC,Generac Holdings Inc.,NYSE
GNT,Gabelli Natural Resources Gold,NYSE
GNW,Genworth Financial Inc,NYSE
GOF,Claymore/Guggenheim Strategic Fund,NYSE
GOL,Gol Linhas Aereas Inteligentes S.A.,NYSE
GOM,Gmac Llc,NYSE
GOV,Government Properties Income Trust,NYSE
GPC,Genuine Parts Company,NYSE
GPE-A,Ga Pwr Co Cl A Pfd,NYSE
GPI,Group 1 Automotive,NYSE
GPK,Graphic Packaging Holdings Company,NYSE
GPM,Guggenheim Enhanced Equity,NYSE
GPN,Global Payments Inc.,NYSE
GPS,Gap,NYSE
GPT,Genuine Parts Co.,NYSE
GPT-A,Gramercy Property Trust 8.125 P,NYSE
GPX,Gp Strategies Corp.,NYSE
GRA,W.R. Grace & Company,NYSE
GRAM,Graa Y Montero S.A.A.,NYSE
GRO,Agria Corp.,NYSE
GRP.U,Granite Real Estate Investment,NYSE
GRR,Asia Tigers Fund,NYSE
GRT,Glimcher Realty Trust,NYSE
GRT-G,Glimcher Rlty Pfd G,NYSE
GRT-H,Glimcher Realty Trust,NYSE
GRT-I,Glimcher Realty Trust,NYSE
GRX,The Gabelli Healthcare & Wellness Trust,NYSE
GRX-A,The Gabelli Healthcare & Welln,NYSE
GS,Goldman Sachs Group,NYSE
GS-A,Goldman Sachs Pfd,NYSE
GS-B,Goldman Dep Sh,NYSE
GS-C,Goldman Dep Sh,NYSE
GS-D,Goldman Sachs Dep Sh,NYSE
GS-I,The Goldman Sachs Group Inc.,NYSE
GS-J,Goldman Sachs Group Inc.,NYSE
GSE,Gse Holding Inc.,NYSE
GSF,Goldman Sachs Group,NYSE
GSH,Guangshen Railway Company,NYSE
GSI,General Steel Holdings,NYSE
GSJ,Goldman Sachs Group Inc. [The],NYSE
GSK,Glaxosmithkline Plc,NYSE
GSL,Global Ship Lease Inc,NYSE
GTI,Graftech International Ltd,NYSE
GTN,Gray Television,NYSE
GTN.A,Gray Television,NYSE
GTS,Triple-S Management Corp.,NYSE
GTY,Getty Realty Corp.,NYSE
GUA,Gulf Power Company Series 2011A,NYSE
GUT,Gabelli Utility Trust,NYSE
GUT-A,Gabelli Util Pfd A,NYSE
GVA,Granite Construction Inc.,NYSE
GWAY,Greenway Medical Technologies,NYSE
GWR,Genesee & Wyoming,NYSE
GWRE,Guidewire Software Inc. Common,NYSE
GWRU,Genesee & Wyoming,NYSE
GWW,W.W. Grainger,NYSE
GXP,Great Plains Energy Inc,NYSE
GXP-A,Grt Plns Energy 3.8%,NYSE
GXP-D,Great Plains 4.35%,NYSE
GXP-E,Great Plains 4.5%,NYSE
GY,Gencorp Inc.,NYSE
GYB,Cabco Series 2004-101 Trust,NYSE
GYC,Corporate Asset Backed Corp Cabco,NYSE
GZT,Gazit-Globe Ltd,NYSE
H,Hyatt Hotels Corp.,NYSE
HAE,Haemonetics Corp.,NYSE
HAL,Halliburton Company,NYSE
HAR,Harman International Industries Inc.,NYSE
HASI,Hannon Armstrong Sustainable In,NYSE
HAV,Helios Advantage,NYSE
HBA-D,HSBC USA Cum Pfd D,NYSE
HBA-F,HSBC USA Pfd F,NYSE
HBA-G,HSBC Dep Sh Pfd G,NYSE
HBA-H,HSBC USA Dep Sh H,NYSE
HBA-Z,HSBC USA 2.8575 Pfd,NYSE
HBC,HSBC Holdings Plc,NYSE
HBC-A,HSBC Hldgs Pfd A ADR,NYSE
HBI,Hanesbrands Inc.,NYSE
HBM,Hudbay Minerals Inc,NYSE
HCA,Hca Holdings Inc. Common Stock,NYSE
HCC,Hcc Insurance Holdings,NYSE
HCI,Homeowners Choice,NYSE
HCJ,Homeowners Choice Inc.,NYSE
HCLP,Hi-Crush Partners Lp,NYSE
HCN,Health Care REIT,NYSE
HCN-I,Health Care REIT Inc.,NYSE
HCN-J,Health Care REIT Inc.,NYSE
HCP,Hcp,NYSE
HCS,HSBC Holdings Plc,NYSE
HCS-B,HSBC Holdings Plc,NYSE
HD,Home Depot,NYSE
HDB,Hdfc Bank Limited,NYSE
HDY,Hyperdynamics Corp.,NYSE
HE,Hawaiian Electric Industries,NYSE
HE-U,Heco Cap III 6.50,NYSE
HEI,Heico Corp.,NYSE
HEI.A,Heico Cp Cl A,NYSE
HEP,Holly Energy Partners L.P.,NYSE
HEQ,John Hancock Hedged Eqty & Inc,NYSE
HES,Hess Corp.,NYSE
HF,Hff Inc.,NYSE
HFC,Hollyfrontier Corp,NYSE
HGG,Hhgregg,NYSE
HGH,The Hartford Financial Srvcs G,NYSE
HGR,Hanger Orthopedic Group,NYSE
HGT,Hugoton Royalty Trust,NYSE
HHC,Howard Hughes Corp.,NYSE
HHS,Harte-Hanks,NYSE
HHY,Helios High Yield Fund,NYSE
HI,Hillenbrand Inc,NYSE
HIG,Hartford Financial Services Group,NYSE
HIG.W,Hartford Financial Services Group,NYSE
HIH,Helios High Income Fund Inc,NYSE
HII,Huntington Ingalls Industries,NYSE
HIL,Hill International,NYSE
HIO,Western Asset High,NYSE
HIS,Cigna High Income Shares,NYSE
HIW,Highwoods Properties,NYSE
HIX,Western Asset High Income Fund II Inc.,NYSE
HJJ,Ms S.A.C. Saturns Goldman Sachs,NYSE
HJN,Ms S.A.C. Saturns Ge Series 2002-14,NYSE
HJR,Saturns Trust No 2005 3,NYSE
HJV,Ms S.A.C. Saturns Ge Series 2002-14,NYSE
HK,Halcon Resources,NYSE
HL,Hecla Mining Company,NYSE
HL-B,Hecla Mining Pfd B,NYSE
HLF,Herbalife Ltd,NYSE
HLS,Healthsouth Corp.,NYSE
HLX,Helix Energy Solutions Group,NYSE
HMA,Health Management Associates,NYSE
HMC,Honda Motor Company,NYSE
HME,Home Properties,NYSE
HMH,Helios Multi-Sector High,NYSE
HMN,Horace Mann Educators Corp.,NYSE
HMY,Harmony Gold Mining Co. Ltd,NYSE
HNI,Hon Industries Inc.,NYSE
HNP,Huaneng Power Intl,NYSE
HNR,Harvest Natural Resources Inc,NYSE
HNT,Health Net Inc.,NYSE
HOG,Harley-Davidson,NYSE
HON,Honeywell International Inc.,NYSE
HOS,Hornbeck Offshore Services,NYSE
HOT,Starwood Hotels & Resorts Worldwide,NYSE
HOV,Hovnanian Enterprises Inc,NYSE
HOVU,Hovnanian Enterprises Inc,NYSE
HP,Helmerich & Payne,NYSE
HPF,John Hancock Pfd II,NYSE
HPI,John Hancock Preferred,NYSE
HPP,Hudson Pacific Properties,NYSE
HPP-B,Hudson Pacific Properties Inc,NYSE
HPQ,Hewlett-Packard Company,NYSE
HPS,John Hancock Preferred Income Fund III,NYSE
HPT,Hospitality Properites Trust,NYSE
HPT-D,Hospitality Properties Trust,NYSE
HPY,Heartland Payment Systems,NYSE
HQH,H&Q Healthcare Investors,NYSE
HQL,H&Q Life Sciences Investors,NYSE
HR,Healthcare Realty Trust Inc.,NYSE
HRB,H&R Block,NYSE
HRC,Hill-Rom Holdings Inc,NYSE
HRG,Harbinger Group Inc,NYSE
HRL,Hormel Foods Corp.,NYSE
HRS,Harris Corp.,NYSE
HSA,Helios Strategic Income Fd Inc,NYSE
HSB-B,HSBC Finance Corp Dep. Shares R,NYSE
HSC,Harsco Corp.,NYSE
HSH,Hillshire Brands Company,NYSE
HSP,Hospira Inc,NYSE
HST,Host Marriott Financial Trust,NYSE
HSY,Hershey Foods Corp.,NYSE
HT,Hersha Hospitality Trust,NYSE
HT-B,Hersha Hospitality Trust,NYSE
HT-C,Hersha Hospitality Trust,NYSE
HTA,Healthcare Trust Of America I,NYSE
HTD,John Hancock Tax Advantaged Dividend,NYSE
HTF,Horizon Technology Finance Cor,NYSE
HTGC,Hercules Technology Growth Capital,NYSE
HTGY,Hercules Technology Growth Cap,NYSE
HTGZ,Hercules Technology Growth Capi,NYSE
HTH,Hilltop Holdings Inc.,NYSE
HTR,Hyperion Brookfield Total Return Fund,NYSE
HTS,Hatteras Financial Corp,NYSE
HTS-A,Hatteras Financial Corp Cum Red,NYSE
HTSI,Harris Teeter Supermarkets Inc.,NYSE
HTY,John Hancock Tax-Advantaged Global,NYSE
HTZ,Hertz Global Holdings Inc,NYSE
HUB.A,Hubbell Inc A,NYSE
HUB.B,Hubbell Inc B,NYSE
HUM,Humana Inc.,NYSE
HUN,Huntsman Corp.,NYSE
HVB,Hudson Valley Holding Corp. Com,NYSE
HVT,Haverty Furniture Companies,NYSE
HVT.A,Haverty Furn Cl A SC,NYSE
HW,Headwaters Inc.,NYSE
HXL,Hexcel Corp.,NYSE
HXM,Desarrolladora Homex,NYSE
HY,Hyster-Yale Materials Handling,NYSE
HYB,New America High,NYSE
HYF,Managed High Yield Plus Fund,NYSE
HYI,Western Asset High Yield Defined,NYSE
HYL,Lehman Abs Corp.,NYSE
HYT,Blackrock High Yield Fund Vi Inc,NYSE
HYV,Blackrock High Yield Fund V Inc,NYSE
HZO,Marinemax,NYSE
I,Intelsat S.A. Common Shares,NYSE
I-A,Intelsat S.A.,NYSE
IAE,ING Asia Pacific High Dividend Equity,NYSE
IAG,Iamgold Corp.,NYSE
IBA,Industrias Bachoco S.A. De C.V.,NYSE
IBM,International Business Machines Corp.,NYSE
IBN,Icici Bank Limited,NYSE
ICA,Empresas Ica Soc Contrladora,NYSE
ICB,Ms Income Securities,NYSE
ICE,Intercontinentalexchange,NYSE
IDA,Idacorp,NYSE
IDE,ING Infrastructure Industrial,NYSE
IDG,ING Group N.V.,NYSE
IDT,Idt Corp.,NYSE
IDT.P,Idt Corporation Common Stock Ex,NYSE
IEH,Integrys Energy Group Inc.,NYSE
IEX,Idex Corp.,NYSE
IFF,Internationa Flavors & Fragrances,NYSE
IFN,India Fund,NYSE
IFT,Imperial Holdings,NYSE
IGA,ING Global Advantage And Premium,NYSE
IGD,ING Global Equity Dividend And Premium,NYSE
IGI,Western Asset Investment Grade Defined,NYSE
IGK,ING Group N.V.,NYSE
IGR,ING Clarion Global Real Estate,NYSE
IGT,International Game Technology,NYSE
IHC,Independence Holding Company,NYSE
IHD,ING Emerging Markets High Dividend,NYSE
IHG,Intercontinental Hotels Group,NYSE
IHS,Ihs Inc.,NYSE
IID,ING International High Dividend Equity,NYSE
IIF,Morgan Stanley India Investment Fund Inc,NYSE
IIM,Invesco Insured Muni Income Trust,NYSE
IL,Intralinks Holdings,NYSE
IM,Ingram Micro Inc.,NYSE
IMAX,Imax Corp.,NYSE
IMF,Western Asset Inflation Fund Inc,NYSE
IMN,Imation Corp.,NYSE
IMPV,Imperva Inc.,NYSE
IN,Intermec Inc,NYSE
INB,Cohen & Steers Global Income Builder,NYSE
IND,ING Group N.V.,NYSE
INF,Brookfield Global Listed Infra,NYSE
INFY,Infosys Limited,NYSE
ING,ING Group N.V.,NYSE
INGR,Ingredion Inc,NYSE
INN,Summit Hotel Properties,NYSE
INN-A,Summit Hotel Properties Inc.,NYSE
INN-B,Summit Hotel Properties Inc.,NYSE
INN-C,Summit Hotel Properties Inc.,NYSE
INT,World Fuel Services Corp.,NYSE
INVN,Invensense Inc.,NYSE
INXN,Interxion Holding N.V.,NYSE
INZ,ING Group N.V.,NYSE
IO,Ion Geophysical Corp.,NYSE
IOC,Interoil Corp,NYSE
IP,International Paper Company,NYSE
IPG,Interpublic Group Of Companies,NYSE
IPHI,Inphi Corp.,NYSE
IPI,Intrepid Potash Inc,NYSE
IPL-D,Interstate Power And Light Co.,NYSE
IQI,Invesco Quality Muni Income Trust,NYSE
IR,Ingersoll-Rand Plc [Ireland],NYSE
IRC,Inland Real Estate Corp.,NYSE
IRC-A,Inland Real Estate Corporation,NYSE
IRE,Governor And Company Of The Bank Of,NYSE
IRE-B,Investors Real Estate Trust 7.9,NYSE
IRET,Investors Real Estate Trust,NYSE
IRF,International Rectifier Corp.,NYSE
IRL,Irish Investment Fund,NYSE
IRM,Iron Mountain Inc.,NYSE
IRR,ING Risk Managed Natural Resources Fund,NYSE
IRS,Irsa Inversiones Y Representaciones S.A.,NYSE
ISD,Prudential Short Duration High,NYSE
ISF,ING Group N.V.,NYSE
ISG,ING Group N.V.,NYSE
ISH,International Shipholding Corp.,NYSE
ISH-A,International Shipholding Copr,NYSE
ISH-B,International Shipholding Corp,NYSE
ISP,ING Group N.V.,NYSE
ISS,Isoftstone Holdings,NYSE
IT,Gartner,NYSE
ITC,Itc Holdings,NYSE
ITG,Investment Technology Group,NYSE
ITT,Itt Industries,NYSE
ITUB,Itau Unibanco Banco Holding Sa,NYSE
ITW,Illinois Tool Works Inc.,NYSE
IVC,Invacare Corp.,NYSE
IVH,Ivy High Income Opportunities,NYSE
IVR,Invesco Mortgage Capital Inc,NYSE
IVR-A,Invesco Mortgage Capital Inc.,NYSE
IVZ,Invesco Plc,NYSE
IX,Orix Corp Ads,NYSE
JAH,Jarden Corp.,NYSE
JBI,Lehman Abs Cp 7.857%,NYSE
JBJ,Lehman Abs Corp.,NYSE
JBK,Lehman Abs Corp.,NYSE
JBL,Jabil Circuit,NYSE
JBN,Select Asset Inc.,NYSE
JBO,Lehman Abs Corp.,NYSE
JBR,Select Asset Inc.,NYSE
JBT,John Bean Technologies Corp.,NYSE
JCE,Nuveen Core Equity Alpha Fund,NYSE
JCI,Johnson Controls,NYSE
JCP,J.C. Penney Company Inc.,NYSE
JDD,Nuveen Diversified Dividend And,NYSE
JE,Just Energy Group Inc,NYSE
JEC,Jacobs Engineering Group Inc.,NYSE
JEQ,Japan Equity Fund,NYSE
JFC,Jf China Region Fund,NYSE
JFR,Nuveen Floating Rate,NYSE
JGG,Nuveen Global Government Enhanced,NYSE
JGT,Nuveen Multi-Currency Short-Term,NYSE
JGV,Nuveen Global Value Opportunities Fund,NYSE
JHI,John Hancock Investors Trust,NYSE
JHP,Nuveen Quality Preferred Income Fund 3,NYSE
JHS,John Hancock Income Securities Trust,NYSE
JHX,James Hardie Industries Se,NYSE
JKS,Jinkosolar Holding Company Limited,NYSE
JLA,Nuveen Equity Premium Advantage Fund,NYSE
JLL,Jones Lang Lasalle Inc.,NYSE
JLS,Nuveen Mortgage Opportunity Term Fund,NYSE
JMF,Nuveen Energy MLP Total Return Fund,NYSE
JMI,Javelin Mortgage Investment Co,NYSE
JMP,Jmp Group Inc,NYSE
JMPB,Jmp Group Inc.,NYSE
JMT,Nuven Mortgage Opportunity Term Fund 2,NYSE
JNJ,Johnson & Johnson,NYSE
JNPR,Juniper Networks,NYSE
JNS,Janus Capital Group Inc,NYSE
JNY,Jones Group,NYSE
JOE,St. Joe Company,NYSE
JOF,Japan Smaller Capitalization Fund Inc,NYSE
JONE,Jones Energy Inc.,NYSE
JOY,Joy Global Inc.,NYSE
JPC,Nuveen Preferred And Convertible,NYSE
JPG,Nuveen Equity Premium And Growth Fund,NYSE
JPI,Nuveen Preferred And Income Term Fund,NYSE
JPM,J P Morgan Chase & Co,NYSE
JPM-A,Jpmorgan Chase & Co.,NYSE
JPM-C,Jpmorgan Chase Capital Xxix 6.7,NYSE
JPM-D,Jpmorgan Chase & Co.,NYSE
JPM-I,Jpmrgn Pfd Ser J,NYSE
JPM.W,Jpmorgan Chase & Co,NYSE
JPS,Nuveen Quality Preferred 2,NYSE
JPW,Nuveen Flexible Investment Inc,NYSE
JPZ,Nuveen Equity Premium,NYSE
JQC,Nuveen Preferred And Convertible 2,NYSE
JRI,Nuveen Real Asset Income And Gr,NYSE
JRN,Journal Communications,NYSE
JRO,Nuveen Floating Rate Income Opportuntiy,NYSE
JSD,Nuveen Short Duration Credit O,NYSE
JSN,Nuveen Equity Premium Opportunity,NYSE
JTA,Nuveen Tax-Advantaged Total Return,NYSE
JTD,Nuveen Tax-Advantaged Dividend Growth,NYSE
JTP,Nuveen Quality Preferred,NYSE
JW.A,John Wiley Sons Cl A,NYSE
JW.B,John Wiley Sons Cl B,NYSE
JWN,Nordstrom,NYSE
JZC,Lehman Abs Corp.,NYSE
JZJ,Lehman Abs Corp.,NYSE
JZK,Lehman Abs Corp.,NYSE
JZL,Lehman Abs Corp.,NYSE
JZT,Lehman Abs Corp,NYSE
JZV,Lehman Abs Corp.,NYSE
K,Kellogg Company,NYSE
KAI,Kadant Inc,NYSE
KAMN,Kaman Corp.,NYSE
KAP,Kcap Financial Inc.,NYSE
KAR,Kar Auction Services Inc,NYSE
KB,Kb Financial Group Inc,NYSE
KBH,Kb Home,NYSE
KBR,Kbr,NYSE
KCC,Lehman Abs Corp.,NYSE
KCG,Kcg Holdings Inc.,NYSE
KDN,Kaydon Corp.,NYSE
KED,Kayne Anderson Energy Development,NYSE
KEF,Korea Equity Fund,NYSE
KEG,Key Energy Services,NYSE
KEM,Kemet Corp.,NYSE
KEP,Korea Electric Power Corp.,NYSE
KEX,Kirby Corp.,NYSE
KEY,Keycorp,NYSE
KEY-G,Keycorp Pfd Ser A,NYSE
KF,Korea Fund,NYSE
KFH,Kkr Financial Holdings Llc,NYSE
KFI,Kkr Financial Holdings Llc,NYSE
KFN,Kkr Financial,NYSE
KFN.P,Kkr Financial Holdings Llc Pfd,NYSE
KFS,Kingsway Financial Services,NYSE
KFY,Korn/Ferry International,NYSE
KGC,Kinross Gold Corp.,NYSE
KHI,Scudder High Income Trust,NYSE
KID,Kid Brands,NYSE
KIM,Kimco Realty Corp.,NYSE
KIM-H,Kimco Realty Corporation Deposi,NYSE
KIM-I,Kimco Realty Corporation Deposi,NYSE
KIM-J,Kimco Realty Corporation Class,NYSE
KIM-K,Kimco Realty Corporation Class,NYSE
KIO,Kkr Income Opportunities Fund,NYSE
KKD,Krispy Kreme Doughnuts,NYSE
KKR,Kkr,NYSE
KMB,Kimberly-Clark Corp.,NYSE
KMF,Kayne Anderson Midstream Energy Fund,NYSE
KMG,Kmg Chemicals,NYSE
KMI,Kinder Morgan,NYSE
KMI.W,Kinder Morgan Inc. W/I,NYSE
KMM,Scudder Multi-Market Income Trust,NYSE
KMP,Kinder Morgan Energy Partners L.P.,NYSE
KMPR,Unitrin,NYSE
KMR,Kinder Morgan Management Llc,NYSE
KMT,Kennametal Inc.,NYSE
KMX,Carmax Inc,NYSE
KND,Kindred Healthcare,NYSE
KNL,Knoll,NYSE
KNM,Konami Corp.,NYSE
KNOP,Knot Offshore Partners Lp Commo,NYSE
KNX,Knight Transportation,NYSE
KO,Coca-Cola Company,NYSE
KOF,Coca Cola Femsa S.A.B. De C.V.,NYSE
KOG,Kodiak Oil,NYSE
KOP,Koppers Holdings Inc.,NYSE
KORS,Michael Kors Holdings Limited,NYSE
KOS,Kosmos Energy Ltd.,NYSE
KR,Kroger Company,NYSE
KRA,Kraton Performance Polymers Inc,NYSE
KRC,Kilroy Realty Corp.,NYSE
KRC-G,Kilroy Realty Corporation,NYSE
KRC-H,Kilroy Realty Corporation,NYSE
KRG,Kite Realty Group Trust,NYSE
KRG-A,Kite Realty Group Trust,NYSE
KRO,Kronos Worldwide Inc,NYSE
KS,Kapstone Paper And Packaging Corp.,NYSE
KSM,Scudder Strategic Municiple Income Trust,NYSE
KSS,Kohl's Corp.,NYSE
KST,Scudder Strategic Income Trust,NYSE
KSU,Kansas City Southern,NYSE
KSU.P,Kansas Cty Sthn 4%,NYSE
KT,Korea Telecom Corp.,NYSE
KTF,Scudder Municiple Income Trust,NYSE
KTH,Lehman Abs Corp.,NYSE
KTN,Lehman Abs Corp.,NYSE
KTP,Lehman Abs Corp.,NYSE
KW,Kennedy-Wilson Holdings Inc.,NYSE
KWK,Quicksilver Resources Inc.,NYSE
KWN,Kennedy-Wilson Holdings Inc.,NYSE
KWR,Quaker Chemical Corp.,NYSE
KYE,Kayne Anderson Energy Total Return Fund,NYSE
KYN,Kayne Anderson MLP Investment Company,NYSE
KYN-E,Kayne Anderson MLP Investment,NYSE
KYN-F,Kayne Anderson MLP Investment,NYSE
KYO,Kyocera Corp.,NYSE
L,Loews Corp.,NYSE
LAD,Lithia Motors,NYSE
LAS,Lentuo International Inc.,NYSE
LAZ,Lazard Ltd,NYSE
LBF,Scudder Global High,NYSE
LCC,US Airways Group Inc. New,NYSE
LCM,Advent/Claymore Enhanced Growth &,NYSE
LDF,Latin American Discovery Fund,NYSE
LDK,Ldk Solar Co. Ltd,NYSE
LDL,Lydall,NYSE
LDP,Cohen & Steers Limited Duration,NYSE
LDR,Landauer,NYSE
LEA,Lear Corp.,NYSE
LEE,Lee Enterprises Inc.,NYSE
LEG,Leggett & Platt Inc.,NYSE
LEN,Lennar Corp.,NYSE
LEN.B,Lennar Corp.,NYSE
LEO,Dreyfus Strategic Municipals,NYSE
LF,Leapfrog Enterprises Inc,NYSE
LFC,China Life Insurance Company Limited,NYSE
LFL,Latam Airlines Group Sa,NYSE
LG,Laclede Group,NYSE
LGF,Lions Gate Entertainment Corp.,NYSE
LGI,Lazard Global Total Return And,NYSE
LGP,Lehigh Gas Partners Lp,NYSE
LH,Laboratory Corporation Of America,NYSE
LHO,Lasalle Hotel Properties,NYSE
LHO-G,Lasalle Hotel Proper,NYSE
LHO-H,Lasalle Hotl 8.375 B,NYSE
LHO-I,Lasalle Hotel Properties,NYSE
LII,Lennox International,NYSE
LIN,Lin Media Llc,NYSE
LITB,Lightinthebox Holding Co. Ltd,NYSE
LL,Lumber Liquidators Holdings Inc,NYSE
LLL,L-3 Communications Holdings,NYSE
LLY,Eli Lilly And Company,NYSE
LM,Legg Mason,NYSE
LMT,Lockheed Martin Corp.,NYSE
LNC,Lincoln National Corp.,NYSE
LNC.W,Lincoln National Corp,NYSE
LND,Brasilagro Brazi ADR,NYSE
LNKD,Linkedin,NYSE
LNN,Lindsay Corp.,NYSE
LNT,Alliant Energy Corp.,NYSE
LO,Lorillard Inc,NYSE
LOCK,Lifelock Inc.,NYSE
LOR,Lazard World Dividend &,NYSE
LOW,Lowe's Companies,NYSE
LPI,Laredo Petroleum Holdings Inc,NYSE
LPL,Lg Display Co. Limited American,NYSE
LPR,Lone Pine Resources Inc.,NYSE
LPS,Lender Processing Services Inc,NYSE
LPX,Louisiana-Pacific Corp.,NYSE
LRE,Lrr Energy L.P.,NYSE
LRN,K12 Inc,NYSE
LRY,Liberty Property Trust,NYSE
LSE,Caplease Funding Inc,NYSE
LSE-A,Caplease Fndg Ser A,NYSE
LSE-B,Caplease Inc. 8.375% Series B,NYSE
LSE-C,Caplease Inc.,NYSE
LTC,Ltc Properties,NYSE
LTD,L Brands Inc,NYSE
LTM,Life Time Fitness,NYSE
LUB,Luby's,NYSE
LUK,Leucadia National Corp.,NYSE
LUV,Southwest Airlines Company,NYSE
LUX,Luxottica Group S.P.A.,NYSE
LVB,Steinway Musical Instruments,NYSE
LVLT,Level 3 Communications,NYSE
LVS,Las Vegas Sands,NYSE
LXFR,Luxfer Holdings Plc,NYSE
LXFT,Luxoft Holding Inc.,NYSE
LXK,Lexmark International,NYSE
LXP,Lexington Realty Trust,NYSE
LXP-C,Lexington Realty Tru,NYSE
LXU,Lsb Industries Inc.,NYSE
LYB,Lyondellbasell Industries Nv,NYSE
LYG,Lloyds Banking Group Plc,NYSE
LYG-A,Lloyds Banking Group Plc,NYSE
LYV,Live Nation Entertainment,NYSE
LZB,La-Z-Boy Inc.,NYSE
M,Macy's Inc,NYSE
MA,Mastercard Inc.,NYSE
MAA,Mid-America Apartment Communities,NYSE
MAC,Macerich Company,NYSE
MAIN,Main Street Capital Corp.,NYSE
MAN,Manpower Inc,NYSE
MANU,Manchester United Ltd.,NYSE
MAR,Marriot International,NYSE
MAS,Masco Corp.,NYSE
MATX,Matson Inc,NYSE
MAV,Pioneer Muni High Income Advantage Trust,NYSE
MBI,Mbia,NYSE
MBT,Mobile Telesystems,NYSE
MCA,Blackrock Muniyield California Insured,NYSE
MCC,Medley Capital Corp.,NYSE
MCD,Mcdonald's Corp.,NYSE
MCI,Massmutual Corporate Investors,NYSE
MCK,Mckesson Corp.,NYSE
MCN,Madison/Claymore Covered Call & Equity,NYSE
MCO,Moody's Corp.,NYSE
MCP,Molycorp Inc,NYSE
MCP-A,Molycorp Inc Pfd Conv Ser A,NYSE
MCQ,Medley Capital Corporation 7.12,NYSE
MCR,Mfs Charter Income Trust,NYSE
MCS,Marcus Corp.,NYSE
MCV,Medley Capital Corporation,NYSE
MCY,Mercury General Corp.,NYSE
MD,Mednax Inc,NYSE
MDC,M.D.C. Holdings,NYSE
MDP,Meredith Corp.,NYSE
MDR,Mcdermott International,NYSE
MDT,Medtronic,NYSE
MDU,Mdu Res Group Inc,NYSE
MED,Medifast Inc,NYSE
MEG,Media General,NYSE
MEI,Methode Electronics,NYSE
MEN,Blackrock Munienhanced Fund,NYSE
MER-D,Merrill Lyn 7.0 Topr,NYSE
MER-E,M L Cap TR 7.12,NYSE
MER-F,Merrill Ly Cap V7.28,NYSE
MER-K,Ml 6.45% Trust Pfd,NYSE
MER-M,Ml Cap TR II 6.45% P,NYSE
MER-P,Ml Cap TR III 7.375%,NYSE
MET,Metlife,NYSE
MET-A,Metlife Pfd A Fltg,NYSE
MET-B,Metlife Inc Pfd B,NYSE
MFA,Mfa Financial Inc,NYSE
MFA-B,Mfa Financial Inc,NYSE
MFB,Maidenform Brands,NYSE
MFC,Manulife Financial Corp,NYSE
MFD,Macquarie/First Trust Global,NYSE
MFG,Mizuho Financial Group,NYSE
MFL,Blackrock Muniholdings Investment,NYSE
MFM,Mfs Muni Income Trust,NYSE
MFO,Mfa Financial Inc.,NYSE
MFT,Blackrock Muniyield Investment,NYSE
MFV,Mfs Special Value Trust,NYSE
MG,Mistras Group Inc,NYSE
MGA,Magna International,NYSE
MGF,Mfs Government Markets Income Trust,NYSE
MGM,Mgm Resorts International,NYSE
MGR,Affiliated Managers Group Inc,NYSE
MGU,Macquarie Global Infrastructure Total,NYSE
MH-A,Maiden Holdings Ltd. 8.25%,NYSE
MHD,Blackrock Muniholdings Fund,NYSE
MHF,Western Asset Muni High,NYSE
MHFI,The Mcgraw-Hill Companies Inc.,NYSE
MHI,Pioneer Muni High Income Trust,NYSE
MHK,Mohawk Industries,NYSE
MHN,Blackrock Muniholdings New York Quality,NYSE
MHNA,Maiden Holdings North America,NYSE
MHNB,Maiden Holdings North America,NYSE
MHO,M/I Homes,NYSE
MHO-A,M/I Homes Sr A Pf Ds,NYSE
MHR,Magnum Hunter Resources Corp.,NYSE
MHY,Western Asset Managed High,NYSE
MIC,Macquarie Infrastructure Company Trust,NYSE
MIE,Cohen & Steers MLP Income And,NYSE
MIG,Meadowbrook Insurance Group,NYSE
MIL,Mfc Industrial Ltd,NYSE
MILL,Miller Petroleum,NYSE
MIN,Mfs Intermediate Income Trust,NYSE
MIT-A,Ag Mortgage Investment Trust,NYSE
MITT,Ag Mortgage Investment Trust,NYSE
MIXT,Mix Telematics Limited,NYSE
MIY,Blackrock Muniyield Michigan Quality,NYSE
MJI,Blackrock Muniyield New Jersey Quality,NYSE
MJN,Mead Johnson Nutrition Company,NYSE
MKC,Mccormick & Company Inc.,NYSE
MKC.V,Mccormick & Company Inc.,NYSE
MKL,Markel Corp.,NYSE
MLG,Metlife,NYSE
MLI,Mueller Industries,NYSE
MLM,Martin Marietta Materials,NYSE
MLP,Maui Land & Pineapple Company,NYSE
MLR,Miller Industries,NYSE
MLU,Metlife Inc.,NYSE
MM,Millennial Media Inc.,NYSE
MMC,Marsh & Mclennan Companies,NYSE
MMD,Mainstay Defined Muni Opp Fund,NYSE
MMM,3M Company,NYSE
MMP,Magellan Midstream Partners L.P.,NYSE
MMS,Maximus,NYSE
MMT,Mfs Multimarket Income Trust,NYSE
MMU,Western Asset Managed Municipals Fund,NYSE
MN,Manning & Napier Inc.,NYSE
MNE,Blackrock Muni New York Intermediate,NYSE
MNI,Mcclatchy Company,NYSE
MNK,Mallinckrodt Plc Ordinary Share,NYSE
MNP,Western Asset Muni Partners Fund,NYSE
MNR,Monmouth Real Estate Investment Corp.,NYSE
MNR-A,Monmouth Real Estate Inv,NYSE
MNR-B,Monmouth Real Estate Investmen,NYSE
MO,Altria Group,NYSE
MOD,Modine Manufacturing Company,NYSE
MODN,Model N Inc. Common Stock,NYSE
MOG.A,Moog Inc.,NYSE
MOG.B,Moog Inc.,NYSE
MOH,Molina Healthcare Inc,NYSE
MON,Monsanto Company,NYSE
MOS,Mosaic Company,NYSE
MOV,Movado Group Inc.,NYSE
MP-D,Mississippi Pr 5.25,NYSE
MPA,Blackrock Muniyield Pennsylvania Quality,NYSE
MPC,Marathon Petroleum Corporation,NYSE
MPG,Mpg Office Trust,NYSE
MPG-A,Maguire Pptys Pfd A,NYSE
MPLX,Mplx Lp,NYSE
MPO,Midstates Petroleum Company I,NYSE
MPR,Met-Pro Corp.,NYSE
MPV,Massmutual Participation Investors,NYSE
MPW,Medical Properties Trust,NYSE
MPX,Marine Products Corp.,NYSE
MQT,Blackrock Muniyield Quality Fund II,NYSE
MQY,Blackrock Muniyield Quality Fund,NYSE
MR,Mindray Medical International Limited,NYSE
MRC,Mrc Global Inc.,NYSE
MRF,American,NYSE
MRH,Montpelier Re Holdings Ltd,NYSE
MRH-A,Montpelier Re Holdings Ltd,NYSE
MRIN,Marin Sotfware Incorporated,NYSE
MRK,Merck & Company,NYSE
MRO,Marathon Oil Corp.,NYSE
MS,Morgan Stanley,NYSE
MS-A,Morgan Stanley Prfd 'A',NYSE
MSA,Mine Safety Appliances Company,NYSE
MSB,Mesabi Trust,NYSE
MSCA,Main Street Capital Corporatio,NYSE
MSCI,MSCI Inc,NYSE
MSD,Morgan Stanley Emerging Markets Debt,NYSE
MSF,Morgan Stanley Emerging Markets Fund Inc,NYSE
MSI,Motorola Solutions,NYSE
MSJ,Morgan Stanley Cap Trust Vi Cap,NYSE
MSK,Morgan Stanley Cap TR ViII Gdt Cap,NYSE
MSM,Msc Industrial Direct Company,NYSE
MSO,Martha Stewart Living Omnimedia,NYSE
MSP,Madison Strategic Sector Premium Fund,NYSE
MSZ,Morgan Stanley Capital Trust Vii Cap,NYSE
MT,Arcelormittal,NYSE
MTB,M&T Bank Corp.,NYSE
MTB-A,M&T Cap TR Pfd,NYSE
MTB-C,M&T Bank Corporation Fixed Rate,NYSE
MTB.P,M&T Bank Corporation Fixed Rate,NYSE
MTB.W,M&T Bank Corporation Warrants,NYSE
MTCN,Arcelormittal,NYSE
MTD,Mettler-Toledo International,NYSE
MTDR,Matador Resources Company,NYSE
MTG,Mgic Investment Corp.,NYSE
MTH,Meritage Corp.,NYSE
MTL,Mechel Steel Group Oao,NYSE
MTL.P,Mechel Steel Group Oao American,NYSE
MTN,Vail Resorts,NYSE
MTOR,Arvinmeritor,NYSE
MTR,Mesa Royalty Trust,NYSE
MTRN,Brush Wellman Inc,NYSE
MTS,Montgomery Street Income Securities,NYSE
MTT,Western Asset Muni Defined Opportunity,NYSE
MTU,Mitsubishi Ufj Financial Group Inc,NYSE
MTW,Manitowoc Company,NYSE
MTX,Minerals Technologies Inc.,NYSE
MTZ,Mastec,NYSE
MUA,Blackrock Muniassets Fund,NYSE
MUC,Blackrock Muniholdings California,NYSE
MUE,Blackrock Muniholdings Quality Fund II,NYSE
MUH,Blackrock Muniholdings Fund II,NYSE
MUI,Blackrock Muni Intermediate Duration,NYSE
MUJ,Blackrock Muniholdings New Jersey,NYSE
MUR,Murphy Oil Corp.,NYSE
MUS,Blackrock Muniholdings Quality Fund,NYSE
MUX,Mcewen Mining Inc,NYSE
MVC,Mvc Capital,NYSE
MVCB,Mvc Capital Inc.,NYSE
MVO,Mv Oil Trust,NYSE
MVT,Blackrock Munivest Fund II,NYSE
MW,Men's Wearhouse,NYSE
MWA,Mueller Water Products,NYSE
MWE,Markwest Energy Partners Lp,NYSE
MWG,Morgan Stanley Cap TR IV Gtd Cap Secs,NYSE
MWO,Morgan Stanley Cap TR V Gtd Cap Secs,NYSE
MWR,Morgan Stanley Cap TR III Capital Trust,NYSE
MWV,Meadwestvaco Corp.,NYSE
MWW,Monster Worldwide,NYSE
MX,Magnachip Semiconductor Corp.,NYSE
MXE,Mexico Equity And,NYSE
MXF,Mexico Fund,NYSE
MXL,Maxlinear Inc,NYSE
MXT,Maxcom Telecomunicaciones Sab De Cv,NYSE
MY,China Ming Yang Wind Power Group Limited,NYSE
MYC,Blackrock Muniyield California Fund,NYSE
MYD,Blackrock Muniyield Fund,NYSE
MYE,Myers Industries,NYSE
MYF,Blackrock Muniyield Investment Fund,NYSE
MYI,Blackrock Muniyield Quality Fund III,NYSE
MYJ,Blackrock Muniyield New Jersey Fund,NYSE
MYM,Blackrock Muniyield Michigan Quality,NYSE
MYN,Blackrock Muniyield New York Quality,NYSE
MZF,Managed Duration Investment Grade Fund,NYSE
N,Netsuite Inc,NYSE
NAC,Nuveen California Divadv Fund,NYSE
NAD,Nuveen Divadv Fund,NYSE
NAD-C,Nuveen Div Advantage Muni Fd,NYSE
NAI,Agic International & Premium Strategy,NYSE
NAN,Nuveen New York Divadv Fund,NYSE
NAN-C,Nuveen NY Div Advantage Muni F,NYSE
NAN-D,Nuveen New York Dividend Advan,NYSE
NAT,Nordic American Tanker Shipping Limited,NYSE
NAV,Navistar International Corp.,NYSE
NAZ,Nuveen Arizona Premium Fund,NYSE
NAZ-D,Nuveen Arizona Premium Income,NYSE
NBB,Nuveen Build America Bond Fund,NYSE
NBD,Nuveen Build America Bond Opportunity,NYSE
NBG,National Bank Of Greece Sa,NYSE
NBG-A,Natl Bk Of Gr Pfd Ad,NYSE
NBHC,National Bank Holdings Corp.,NYSE
NBL,Noble Energy Inc.,NYSE
NBR,Nabors Industries,NYSE
NC,Nacco Industries,NYSE
NCA,Nuveen California Muni Value Fund,NYSE
NCI,Navigant Consulting,NYSE
NCO,Nuveen California Muni Market,NYSE
NCP,Nuveen California Performance Plus Fund,NYSE
NCR,Ncr Corp.,NYSE
NCS,Nci Building Systems,NYSE
NCT,Newcastle Investment Corp.,NYSE
NCT-B,Newcastle Inv Pfd B,NYSE
NCT-C,Newcastle Investment Corporatio,NYSE
NCT-D,Newcastle Invt Corp,NYSE
NCU-C,Nuveen California Premium Inco,NYSE
NCV,Agic Convertible &,NYSE
NCZ,Agic Convertible & II,NYSE
NDP,Tortoise Energy Independence F,NYSE
NDRO,Enduro Royalty Trust,NYSE
NDZ,Nordion Inc.,NYSE
NE,Noble Corp.,NYSE
NEA-C,Nuveen Insd Tax-Free,NYSE
NED,Noah Education Holdings Ltd,NYSE
NEE,Nextera Energy,NYSE
NEE-C,Fpl Group Inc. 5 7/8% Preferre,NYSE
NEE-F,Fpl Group Inc. Fpl Group Capit,NYSE
NEE-G,Nextera Energy Capital Holding,NYSE
NEE-H,Nextera Energy Capital Holding,NYSE
NEE-I,Nextera Energy Capital Holding,NYSE
NEE-J,Nextera Energy Capital Holding,NYSE
NEE-O,Nextera Energy Inc.,NYSE
NEM,Newmont Mining Corp.,NYSE
NES,Nuverra Environmental Solutions Inc.,NYSE
NEU,Newmarket Corp.,NYSE
NEV,Nuveen Enhanced Muni Value Fund,NYSE
NFG,National Fuel Gas Company,NYSE
NFJ,Nfj Dividend Interest & Premium Strategy,NYSE
NFX,Newfield Exploration Company,NYSE
NGG,National Grid Transco Plc,NYSE
NGL,Ngl Energy Partners Lp,NYSE
NGLS,Targa Resources Partners Lp,NYSE
NGS,Natural Gas Services Group,NYSE
NGVC,Natural Grocers By Vitamin Cottage Inc,NYSE
NGX-C,Nuveen Insured Massachusetts T,NYSE
NGZ,Agic Global Equity & Convertible,NYSE
NHF,Nexpoint Credit Strategies Fund,NYSE
NHI,National Health Investors,NYSE
NI,Nisource Inc,NYSE
NID,Nuveen Intermediate Duration M,NYSE
NIE,Agic Equity & Convertible,NYSE
NIM,Nuveen Maturities Fund,NYSE
NIO,Nuveen Insured Muni Opportunity Fund,NYSE
NIQ,Nuveen Intermediate Duration Q,NYSE
NJ,Nidec Corporation,NYSE
NJR,Newjersey Resources Corp.,NYSE
NKA,Niska Gas Storage Partners Llc,NYSE
NKE,Nike,NYSE
NKG-C,Nuveen Georgia Div Adv Mun Fd,NYSE
NKG-D,Nuveen Ga Div Advantage Muni F,NYSE
NL,Nl Industries,NYSE
NLS,Nautilus Group,NYSE
NLSN,Nielsen Holdings N.V.,NYSE
NLY,Annaly Capital Management Inc,NYSE
NLY-A,Annaly Capital Manag,NYSE
NLY-C,Annaly Capital Management Inc,NYSE
NLY-D,Annaly Capital Management Inc,NYSE
NM,Navios Maritime Holdings Inc.,NYSE
NMA,Nuveen Muni Advantage Fund,NYSE
NMFC,New Mountain Finance Corporati,NYSE
NMI,Nuveen Muni,NYSE
NMK-B,Niagara Mohawk Holdings Inc. P,NYSE
NMK-C,Niagara Mohawk 3.60,NYSE
NMM,Navios Maritime Partners Lp,NYSE
NMO,Nuveen Muni Market Opportunity Fund,NYSE
NMR,Nomura Holdings Inc ADR,NYSE
NMT,Nuveen Massachusetts Premium Fund,NYSE
NMT-C,Nuveen Mass Prem Inc,NYSE
NMT-D,Nuveen Massachusetts Premium In,NYSE
NMY,Nuveen Maryland Premium Fund,NYSE
NMY-C,Nuveen Maryland Premium Income,NYSE
NMY-D,Nuveen Maryland Premium Income,NYSE
NMY-E,Nuveen Maryland Premium Income,NYSE
NMY-F,Nuveen Maryland Premium Income,NYSE
NMY-G,Nuveen Maryland Premium Income,NYSE
NMY-H,Nuveen Maryland Premium Income,NYSE
NNA,Navios Maritime Acquisition Corp.,NYSE
NNC,Nuveen North Carolina Premium Fund,NYSE
NNC-C,Nuveen Nc Prem Inc,NYSE
NNC-D,Nuveen North Carolina Premium,NYSE
NNC-E,Nuveen Nc Premium Income Muni,NYSE
NNC-F,Nuveen Nc Premium Income Muni,NYSE
NNC-G,Nuveen North Carolina Premium,NYSE
NNI,Nelnet,NYSE
NNJ,Nuveen New Jersey Premium Fund,NYSE
NNN,National Retail Properties,NYSE
NNN-D,National Retail Properties In,NYSE
NNN-E,National Retail Properties Depo,NYSE
NNP,Nuveen New York Performance Plus Fund,NYSE
NNY,Nuveen New York Muni Value Fund,NYSE
NOA,North American Energy Partners,NYSE
NOAH,Noah Holdings Ltd,NYSE
NOC,Northrop Grumman Corp.,NYSE
NOK,Nokia Corp.,NYSE
NOM-C,Nuveen Missouri Premium Income,NYSE
NOR,Noranda Aluminum Holding Corp.,NYSE
NOV,National-Oilwell,NYSE
NOW,Servicenow Inc.,NYSE
NP,Neenah Paper,NYSE
NPD,China Nepstar Chain Drugstore Ltd,NYSE
NPF,Nuveen Premier Muni,NYSE
NPI,Nuveen Premium Fund,NYSE
NPK,National Presto Industries,NYSE
NPM,Nuveen Premium Fund II,NYSE
NPO,Enpro Industries,NYSE
NPP,Nuveen Performance Plus Fund,NYSE
NPT,Nuveen Premium Fund IV,NYSE
NPTN,Neophotonics Corp.,NYSE
NPV,Nuveen Virginia Premium Fund,NYSE
NPV-A,Nuveen Virginia Premium Income,NYSE
NPV-C,Nuveen Virginia Premium Income,NYSE
NPV-D,Nuveen Virginia Premium Income,NYSE
NPV-E,Nuveen Virginia Premium Income,NYSE
NPY,Nuveen Pennsylvania Premium Fund II,NYSE
NQ,Netqin Mobile Inc.,NYSE
NQC,Nuveen California Investment,NYSE
NQI,Nuveen Insured Quality Fund,NYSE
NQJ,Nuveen New Jersey Investment,NYSE
NQM,Nuveen Investment Quality Fund,NYSE
NQP,Nuveen Pennsylvania Investment,NYSE
NQS,Nuveen Quality Fund,NYSE
NQU,Nuveen Quality,NYSE
NR,Newpark Resources,NYSE
NRF,Northstar Realty Finance,NYSE
NRF-A,Northstar Realty Pfd,NYSE
NRF-B,Northstar Rlty Ser B,NYSE
NRF-C,Northstar Realty Finance Corp.,NYSE
NRF-D,Northstar Realty Finance Corp.,NYSE
NRG,Nrg Energy,NYSE
NRGM,Inergy Midstream L.P.,NYSE
NRGY,Inergy L.P.,NYSE
NRK-C,Nuveen Insured New York Tax-Fre,NYSE
NRP,Natural Resource Partners Lp,NYSE
NRT,North European Oil Royality Trust,NYSE
NRZ,New Residential Investment Corp,NYSE
NS,Nustar Energy L.P.,NYSE
NSC,Norfolk Souther Corp.,NYSE
NSH,Nustar Gp Holdings Llc,NYSE
NSL,Nuveen Senior,NYSE
NSLP,New Source Energy Partners L.P,NYSE
NSM,Nationstar Mortgage Holdngs I,NYSE
NSP,Insperity Inc,NYSE
NSR,Neustar,NYSE
NSS,Nustar Logistics L.P.,NYSE
NTC,Nuveen Connecticut Premium Fund,NYSE
NTC-C,Nuveen Conn Prem Inc,NYSE
NTC-D,Nuveen Connecticut Premium Inc,NYSE
NTC-E,Nuveen Connecticut Premium Inc,NYSE
NTC-F,Nuveen Ct Premium Income Muni,NYSE
NTC-G,Nuveen Ct Premium Income Muni,NYSE
NTE,Nam Tai Electronics,NYSE
NTG,Tortoise MLP Fund,NYSE
NTI,Northern Tier Energy Lp,NYSE
NTL,Nortel Inversora Sa ADR,NYSE
NTT,Nippon Telegraph And Telephone Corp.,NYSE
NTX,Nuveen Texas Quality,NYSE
NTX-C,Nuveen Texas Quality Income Mu,NYSE
NTZ,Natuzzi S.P.A.,NYSE
NU,Northeast Utilities,NYSE
NUC,Nuveen California Quality,NYSE
NUE,Nucor Corp.,NYSE
NUJ-C,Nuveen New Jersey Dividend Adv,NYSE
NUM,Nuveen Michigan Quality,NYSE
NUO,Nuveen Ohio Quality,NYSE
NUO-C,Nuveen Ohio Quality Income Muni,NYSE
NUS,Nu Skin Enterprises,NYSE
NUV,Nuveen Muni Value Fund,NYSE
NUW,Nuveen Muni Value Fund,NYSE
NVC,Nuveen California Quality Fund,NYSE
NVE,Nv Energy Inc,NYSE
NVG-C,Nuveen Insd Divid Ad,NYSE
NVO,Novo Nordisk A/S,NYSE
NVR,Nvr,NYSE
NVS,Novartis Ag,NYSE
NVX-A,Nuveen California Dividend Adva,NYSE
NVX-C,Nuveen California Dividend Adv,NYSE
NVY-C,Nuveen Pennsylvania Dividend A,NYSE
NW-C,Natl Wstmst Ads 19C3,NYSE
NWE,Northwestern Corp.,NYSE
NWL,Newell Rubbermaid Inc.,NYSE
NWN,Northwest Natural Gas Company,NYSE
NWY,New York & Company,NYSE
NX,Quanex Building Products Corp.,NYSE
NXC,Nuveen California Tax-Free Income,NYSE
NXJ-A,Nuveen New Jersey Dividend Adva,NYSE
NXK-C,Nuveen New York Dividend Advant,NYSE
NXM-C,Nuveen Pennsylvania Dividend A,NYSE
NXN,Nuveen Insured New York Tax-Free,NYSE
NXP,Nuveen Tax Free Income Portfolio,NYSE
NXQ,Nuveen Tax Free Income Portfolio II,NYSE
NXR,Nuveen Tax Free Income Portfolio III,NYSE
NYCB,New York Community Bancorp,NYSE
NYLD,Nrg Yield Inc.,NYSE
NYT,New York Times Company,NYSE
NYX,NYSE Euronext,NYSE
NZF-C,Nuveen Dividend Advantage Muni,NYSE
NZH-A,Nuveen California Dividend Adva,NYSE
NZH-B,Nuveen California Dividend Adv,NYSE
NZH-C,Nuveen CA Div Advantage Muni F,NYSE
O,Realty Income Corp.,NYSE
O-E,Realty Income Pfd E,NYSE
O-F,Realty Income Corporation,NYSE
OAK,Oaktree Capital Group Llc,NYSE
OAKS,Five Oaks Investment Corp,NYSE
OAS,Oasis Petroleum Inc.,NYSE
OB,Onebeacon Insurance Group,NYSE
OC,Owens Corning Inc,NYSE
OC.B,Owens Corning,NYSE
OCN,Ocwen Financial Corp.,NYSE
OCR,Omnicare,NYSE
OCR-A,Omnicare Cap TR 1,NYSE
OCR-B,Omnicare Cap TR II,NYSE
ODC,Oil-Dri Corporation Of America,NYSE
ODP,Office Depot,NYSE
OEH,Orient-Express Hotels,NYSE
OFC,Corporate Office Properties,NYSE
OFC-H,Corp Off Pptys Pfd H,NYSE
OFC-L,Corp Office Properties Trust,NYSE
OFG,Oriental Financial Group,NYSE
OFG-A,Oriental Fin Mips A,NYSE
OFG-B,Oriental Finl Pfd B,NYSE
OFG-D,Oriental Financial Group Inc.,NYSE
OGE,Oge Energy Corp.,NYSE
OHI,Omega Healthcare Investors,NYSE
OI,Owens-Illinois,NYSE
OIA,Invesco Muni Income Trust,NYSE
OIB.C,Oi Sa,NYSE
OIBR,Oi S.A. Ads,NYSE
OII,Oceaneering International,NYSE
OILT,Oiltanking Partners L.P.,NYSE
OIS,Oil States International,NYSE
OKE,Oneok,NYSE
OKS,Oneok Partners L.P.,NYSE
OLN,Olin Corp.,NYSE
OLP,One Liberty Properties,NYSE
OMC,Omnicom Group Inc.,NYSE
OME,Omega Protein Corp.,NYSE
OMG,Om Group,NYSE
OMI,Owens & Minor,NYSE
OMN,Omnova Solutions Inc.,NYSE
OMX,Officemax Inc.,NYSE
ONB,Old National Bancorp Capital,NYSE
ONE,Higher One Holdings,NYSE
OPK,Opko Health Inc,NYSE
OPY,Oppenheimer Holdings,NYSE
ORA,Ormat Technologies,NYSE
ORAN,Orange Ads,NYSE
ORB,Orbital Sciences Corp.,NYSE
ORCL,Oracle Corp.,NYSE
ORI,Old Republic International Corp.,NYSE
ORN,Orion Marine Group Inc,NYSE
OSK,Oshkosh Truck Corp.,NYSE
OWW,Orbitz Worldwide,NYSE
OXF,Oxford Resource Partners Lp,NYSE
OXM,Oxford Industries,NYSE
OXY,Occidental Petroleum Corp.,NYSE
OZM,Och-Ziff Capital Management,NYSE
P,Pandora Media Inc.,NYSE
PAA,Plains All American Pipeline L.P.,NYSE
PAC,Grupo Aeroportuario Del Pacifico,NYSE
PACD,Pacific Drilling S.A.,NYSE
PAG,Penske Automotive Group,NYSE
PAI,Pacific American Income Shares,NYSE
PAM,Pampa Energia S.A.,NYSE
PANW,Palo Alto Networks Inc.,NYSE
PAR,Par Technology Corp.,NYSE
PAY,Verifone Systems,NYSE
PB,Prosperity Bancshares,NYSE
PBA,Pembina Pipeline Cor,NYSE
PBF,Pbf Energy Inc.,NYSE
PBH,Prestige Brand Holdings,NYSE
PBI,Pitney Bowes Inc,NYSE
PBI-A,Pitney Bowes Inc.,NYSE
PBI-B,Pitney Bowes Inc .6.70% Notes,NYSE
PBNY,Provident New York Bancorp,NYSE
PBR,Petroleo Brasileiro S.A.- Petrobras,NYSE
PBR.A,Petroleo Brasileiro S.A.- Petrobras,NYSE
PBT,Permian Basin Royalty Trust,NYSE
PBY,Pep Boys-Manny Moe & Jack,NYSE
PBYI,Puma Biotechnology,NYSE
PCF,Putnam High Income Bond Fund,NYSE
PCG,Pacific Gas & Electric Co.,NYSE
PCI,Pimco Dynamic Credit Income Fun,NYSE
PCK,Pimco California Muni II,NYSE
PCL,Plum Creek Timber Company,NYSE
PCM,Pimco Commercial Mortgage Securities,NYSE
PCN,Pimco Corporate,NYSE
PCP,Precision Castparts Corp.,NYSE
PCQ,Pimco California Muni,NYSE
PDH,Petrologistics Lp,NYSE
PDI,Pimco Dynamic Income Fund,NYSE
PDM,Piedmont Office Realty Trust,NYSE
PDS,Precision Drilling Corp.,NYSE
PDT,John Hancock Premium Dividend Fund,NYSE
PEB,Pebblebrook Hotel Trust,NYSE
PEB-A,Pebblebrook Hotel Trust Pfd Ser,NYSE
PEB-B,Pebblebrook Hotel Trust,NYSE
PEB-C,Pebblebrook Hotel Trust,NYSE
PEG,Public Service Enterprise Group Inc.,NYSE
PEI,Pennsylvania Real Estate Investment,NYSE
PEI-A,Penn Real Estate Invest Trust,NYSE
PEI-B,Pennsylvania Real Estate Inves,NYSE
PEO,Petroleum Resources Corp.,NYSE
PEP,Pepsico,NYSE
PER,Sandridge Permian Trust,NYSE
PES,Pioneer Energy Services Corp.,NYSE
PF,Pinnacle Foods Inc. Common Sto,NYSE
PFD,Flaherty & Crumrine Preferred Inc.,NYSE
PFE,Pfizer,NYSE
PFG,Principal Financial Group Inc,NYSE
PFG-B,Prin Fin Grp Ser B,NYSE
PFH,Cabco TR Jcp 7.625,NYSE
PFK,Prudential Financial Inflation-Linked,NYSE
PFL,Pimco Income Strategy Fund,NYSE
PFN,Pimco Income Strategy Fund II,NYSE
PFO,Flaherty & Crumrine Preferred Fund,NYSE
PFS,Provident Financial Services,NYSE
PFSI,Pennymac Financial Services In,NYSE
PFX,Phoenix Companies,NYSE
PG,Procter & Gamble Company,NYSE
PGEM,Ply Gem Holdings Inc.,NYSE
PGH,Pengrowth Energy Corp.,NYSE
PGI,Ptek Holdings,NYSE
PGP,Pimco Global Stocksplus & Income,NYSE
PGR,Progressive Corp.,NYSE
PGZ,Principal Real Estate Income F,NYSE
PH,Parker-Hannifin Corp.,NYSE
PHA,Pultegroup,NYSE
PHD,Pioneer Floating Rate Trust,NYSE
PHG,Koninklijke Philips Electronics,NYSE
PHH,Phh Corp,NYSE
PHI,Philippine Long Distance Telephone,NYSE
PHK,Pimco High,NYSE
PHM,Pultegroup,NYSE
PHT,Pioneer High Income Trust,NYSE
PHX,Panhandle Royalty Company,NYSE
PII,Polaris Industries Inc.,NYSE
PIKE,Pike Electric,NYSE
PIM,Putnam Master Intermediate Income,NYSE
PIR,Pier 1 Imports,NYSE
PIY,Merrill Lynch Depositor,NYSE
PJA,Preferred Plus Trust Ser Qws 2 TR Ctf,NYSE
PJC,Piper Jaffray Companies,NYSE
PJH,Prudential Financial Inc.,NYSE
PJL,Preferredplus TR,NYSE
PJS,Preferredplus Trust,NYSE
PKD,Parker Drilling Company,NYSE
PKE,Park Electrochemical Corp.,NYSE
PKG,Packaging Corporation Of America,NYSE
PKH,Preferred Plus Trust Ser Qws-1 7.75,NYSE
PKI,Perkinelmer,NYSE
PKO,Pimco Income Opportunity Fund,NYSE
PKX,Pohang Iron & Steel Co.,NYSE
PKY,Parkway Properties,NYSE
PL,Protective Life Corp.,NYSE
PL-B,Plc Cap TR V,NYSE
PL-C,Protective Life Corporation,NYSE
PL-E,Protective Life Corporation 6.0,NYSE
PLD,Prologis Inc,NYSE
PLL,Pall Corp.,NYSE
PLOW,Douglas Dynamics,NYSE
PLP,Protective Life Corp.,NYSE
PLT,Plantronics,NYSE
PM,Philip Morris International Inc,NYSE
PMC,Pharmerica Corp.,NYSE
PMF,Pimco Muni,NYSE
PML,Pimco Muni II,NYSE
PMM,Putnam Managed Muni Income Trust,NYSE
PMO,Putnam Muni Opportunities Trust,NYSE
PMT,Pennymac Mortgage Investment Trust,NYSE
PMX,Pimco Muni Income Fund III,NYSE
PNC,Pnc Bank,NYSE
PNC-P,Pnc Financial Services Group I,NYSE
PNC-Q,The Pnc Financial Services Gro,NYSE
PNC.W,The Pnc Financial Services Group,NYSE
PNF,Pimco New York Muni,NYSE
PNG,Paa Natural Gas Storage L.P.,NYSE
PNI,Pimco New York Muni II,NYSE
PNK,Pinnacle Entertainment,NYSE
PNM,Pnm Resources Inc.,NYSE
PNR,Pentair,NYSE
PNTA,Pennantpark Investment Corpora,NYSE
PNW,Pinnacle West Capital Corp.,NYSE
PNX,Phoenix Companies,NYSE
PNY,Piedmont Natural Gas Company,NYSE
POL,Polyone Corp.,NYSE
POM,Potomac Electric Power Company,NYSE
POR,Portland General Electric Company,NYSE
POST,Post Holdings Inc. Common Stoc,NYSE
POT,Potash Corporation Of Saskatchewan Inc.,NYSE
PPG,Ppg Industries,NYSE
PPL,Ppl Corp.,NYSE
PPL-W,Ppl Corporation,NYSE
PPO,Polypore International Inc,NYSE
PPP,Primero Mining Corp,NYSE
PPR,ING Prime Rate Trust,NYSE
PPS,Post Properties,NYSE
PPS-A,Post Prop. 8.5 Pra,NYSE
PPT,Putnam Premier Income Trust,NYSE
PPX,Ppl Capital Funding Inc.,NYSE
PQ,Petroquest Energy Inc,NYSE
PRA,Pro-Assurance Corp.,NYSE
PRE,Partnerre Ltd,NYSE
PRE-D,Partnerre Ltd Pfd D,NYSE
PRE-E,Partnerre Ltd.,NYSE
PRE-F,Partnerre Ltd,NYSE
PRGO,Perrigo Company,NYSE
PRH,Prudential Financial Inc.,NYSE
PRI,Primerica,NYSE
PRI.B,Primerica,NYSE
PRIS,Promotora De Informaciones Sa,NYSE
PRLB,Proto Labs Inc.,NYSE
PRO,Pros Holdings,NYSE
PRU,Prudential Financial Inflation Retail,NYSE
PRY,Prospect Capital Corporation,NYSE
PSA,Public Storage,NYSE
PSA-O,Public Storage Depositary Share,NYSE
PSA-P,Public Storage,NYSE
PSA-Q,Public Storage,NYSE
PSA-R,Depositary Shares Each Represe,NYSE
PSA-S,Public Storage-,NYSE
PSA-T,Public Storage,NYSE
PSA-U,Public Storage,NYSE
PSA-V,Public Storage,NYSE
PSA-W,Public Storage,NYSE
PSA-X,Public Storage,NYSE
PSB,Business Parks,NYSE
PSB-R,Ps Business Parks Inc. 6.875%,NYSE
PSB-S,Ps Business Parks Inc.,NYSE
PSB-T,Ps Business Parks Inc,NYSE
PSB-U,Ps Business Parks Inc.,NYSE
PSB-V,Ps Business Pks Inc Calif Dep,NYSE
PSE,Pioneer Southwest Energy Partners L.P.,NYSE
PSF,Cohen & Steers Preferred Fund,NYSE
PSO,Pearson Plc,NYSE
PSX,Phillips 66 Common Stock,NYSE
PSXP,Phillips 66 Partners Lp,NYSE
PT,Portugal Telecom Sgps S.A .,NYSE
PTGI,Primus Telecom Group,NYSE
PTP,Platinum Underwriters Holdings Ltd,NYSE
PTR,Petrochina Company Limited,NYSE
PTY,Pimco Corporate Opportunity Fund,NYSE
PUK,Prudential Public Limited Company,NYSE
PUK-A,Pru Plc Perp Sub Cap,NYSE
PUK.P,Prudential 6.75%,NYSE
PULS,Pulse Electronics Corp.,NYSE
PVA,Penn Virginia Corp.,NYSE
PVD,Administradora De Fondos De Pensiones,NYSE
PVG,Pretium Res Inc,NYSE
PVH,Phillips-Van Heusen Corp.,NYSE
PVR,Pvr Partners Lp,NYSE
PVTD,Privatebancorp Inc.,NYSE
PWE,Penn West Petroleum Ltd,NYSE
PWR,Quanta Services,NYSE
PX,Praxair,NYSE
PXD,Pioneer Natural Resources Company,NYSE
PYB,Pplus Trust,NYSE
PYC,Pplus Trust,NYSE
PYG,Pplus Trust,NYSE
PYK,Pplus Trust,NYSE
PYN,Pimco New York Muni Income Fund III,NYSE
PYS,Pplus Trust,NYSE
PYT,Pplus Trust,NYSE
PYV,Pplus Trust,NYSE
PYY,Merrill Lynch Depositor,NYSE
PZB,Merrill Lynch Depositor,NYSE
PZC,Pimco California Muni Income Fund III,NYSE
PZE,Petrobras Argentina S.A.,NYSE
PZN,Pzena Investment Management Inc,NYSE
Q,Quintiles Transitional Holdings,NYSE
QEP,Qep Resources,NYSE
QEPM,Qep Midstream Partners Lp,NYSE
QIHU,Qihoo 360 Technology Co. Ltd.,NYSE
QRE,Qr Energy Lp,NYSE
QTM,Quantum Corp.,NYSE
QUAD,Quad Graphics Inc,NYSE
R,Ryder System,NYSE
RAD,Rite Aid Corp.,NYSE
RAI,Reynolds American Inc,NYSE
RALY,Rally Software,NYSE
RAS,Rait Financial Trust,NYSE
RAS-A,Rait Financial TR Pf,NYSE
RAS-B,Rait Financial TR Pf,NYSE
RAS-C,Rait Fin TR Pfd C,NYSE
RATE,Bankrate Inc.,NYSE
RAX,Rackspace Hosting Inc,NYSE
RBA,Ritchie Bros. Auctioneers Inc.,NYSE
RBC,Regal-Beloit Corp.,NYSE
RBS,Royal Bank Scotland Group Plc,NYSE
RBS-E,RBS Cap Fndg TR V,NYSE
RBS-F,Royal Bnk Sctlnd F,NYSE
RBS-G,RBS Capital Trustvii,NYSE
RBS-H,Royal Bk Scot Hadssc,NYSE
RBS-I,RBS Cap Fdg TR Vi,NYSE
RBS-L,Royal Bank Of Scotla,NYSE
RBS-M,Royal Bank Sctlnd M,NYSE
RBS-N,RBS Series N Ads Pfd,NYSE
RBS-P,Royal Bk Scotland,NYSE
RBS-Q,Royal Bank ADR,NYSE
RBS-R,Royal Bk Scotland,NYSE
RBS-S,Royal Bk Scotland,NYSE
RBS-T,Royal Bk Pfd,NYSE
RCAP,Rcs Capital Corporation,NYSE
RCI,Rogers Communication,NYSE
RCL,Royal Caribbean Cruises Ltd,NYSE
RCS,Rcm Strategic Global Government Fund,NYSE
RDC,Rowan Companies,NYSE
RDN,Radian Group Inc.,NYSE
RDS.A,Royal Dutch Shell Plc,NYSE
RDS.B,Royal Dutch Shell,NYSE
RDY,Dr. Reddy's Laboratories Ltd,NYSE
RE,Everest Re Group,NYSE
REG,Regency Centers Corp.,NYSE
REG-F,Regency Centers Corporation,NYSE
REG-G,Regency Centers Corporation Pfd,NYSE
REN,Resolute Energy Corp.,NYSE
REN.W,Resolute Energy Corp,NYSE
RENN,Renren Inc.,NYSE
RES,Rpc,NYSE
RESI,Altisource Residential Corporat,NYSE
REV,Revlon,NYSE
REX,Rex Stores Corp.,NYSE
REXR,Rexford Industrial Realty Inc,NYSE
RF,Regions Financing TR I,NYSE
RF-A,Regions Financial Corporation,NYSE
RFI,Cohen & Steers Total Return Realty Fund,NYSE
RFP,Resolute Forest Products Inc,NYSE
RGA,Reinsurance Group Of America Inc.,NYSE
RGC,Regal Entertainment Group,NYSE
RGP,Ross Group Plc,NYSE
RGR,Sturm Ruger & Company,NYSE
RGS,Regis Corp.,NYSE
RH,Restoration Hardware Holdings,NYSE
RHI,Robert Half International Inc.,NYSE
RHP,Gaylord Entertainment Company,NYSE
RHT,Red Hat,NYSE
RIG,Transocean Inc.,NYSE
RIO,Rio Tinto Plc,NYSE
RIOM,Rio Alta Mng Ltd,NYSE
RIT,Lmp Real Estate,NYSE
RJD,Raymond James Financial Inc.,NYSE
RJF,Raymond James Financial,NYSE
RKT,Rock-Tenn Company,NYSE
RKUS,Ruckus Wireless Inc.,NYSE
RL,Ralph Lauren Corp.,NYSE
RLD,Reald Inc,NYSE
RLGY,Realogy Holdings Corp.,NYSE
RLH,Westcoast Hospitality Corp.,NYSE
RLH-A,Red Lion Htls Cap TR,NYSE
RLI,Rli Corp.,NYSE
RLJ,Rlj Lodging Trust,NYSE
RM,Regional Managment Corp,NYSE
RMD,Resmed Inc.,NYSE
RMT,Royce Micro-Cap Trust,NYSE
RNDY,Roundy's Inc. Common Stock,NYSE
RNE,Morgan Stanley East. Euro,NYSE
RNF,Rentech Nitrogen Partners L.P,NYSE
RNO,Rhino Resource Partners Lp,NYSE
RNP,Cohen & Steers REIT And Preferred,NYSE
RNR,Renaissancere Holdings Ltd,NYSE
RNR-C,Renaissancere 6.08 C,NYSE
RNR-E,Renaissancere Holdings Ltd,NYSE
ROC,Rockwood Holdings,NYSE
ROG,Rogers Corp.,NYSE
ROK,Rockwell Automation Inc,NYSE
ROL,Rollins,NYSE
ROP,Roper Industries,NYSE
ROYT,Pacific Coast Oil Trust,NYSE
RPAI,Retail Properties Of America,NYSE
RPM,Rpm,NYSE
RPT,Ramco-Gershenson Properties Trust,NYSE
RPT-D,Ramco-Gershenson Properties Tru,NYSE
RQI,Cohen & Steers Quality Income Realty,NYSE
RRC,Range Resources Corp.,NYSE
RRMS,Rose Rock Midstream L.P.,NYSE
RRTS,Roadrunner Transportation Systems Inc,NYSE
RS,Reliance Steel & Aluminum Company,NYSE
RSE,Rouse Properties Inc. Common S,NYSE
RSG,Republic Services,NYSE
RSH,Radioshack Corp.,NYSE
RSO,Resource Capital,NYSE
RSO-A,Resource Capital Corp.,NYSE
RSO-B,Resource Capital Corp.8.25% Se,NYSE
RST,Rosetta Stone,NYSE
RT,Ruby Tuesday,NYSE
RTI,Rti International Metals,NYSE
RTN,Raytheon Company,NYSE
RUK,Reed Elsevier Plc,NYSE
RVT,Royce Value Trust,NYSE
RWT,Redwood Trust,NYSE
RXN,Rexnord Corporation,NYSE
RY,Royal Bank Of Canada,NYSE
RYL,Ryland Group,NYSE
RYN,Rayonier Inc. REIT,NYSE
RZA,Reinsurance Group Of America I,NYSE
S,Sprint Corporation Series 1,NYSE
SA,Seabridge Gold,NYSE
SAH,Sonic Automotive,NYSE
SAI,Saic Inc,NYSE
SAM,Boston Beer Company,NYSE
SAN,Banco Santander,NYSE
SAN-A,Banco Santander S.A. 6.80% Non,NYSE
SAN-B,Santander Finance Preferred Sa,NYSE
SAN-C,Banco Santander S.A. 6.50% Non,NYSE
SAN-E,Banco Santander S.A. Santander,NYSE
SAN-F,Banco Santander S.A. Santander,NYSE
SAN-I,Banco Santander Central Hispano,NYSE
SAP,Sap Ag,NYSE
SAQ,Saratoga Investment Corp.,NYSE
SAR,Saratoga Investment Corp,NYSE
SB,Safe Bulkers Inc,NYSE
SB-B,Safe Bulkers Inc.,NYSE
SBGL,Sibanye Gold Limited American D,NYSE
SBH,Sally Beauty Holdings,NYSE
SBR,Sabine Royalty Trust,NYSE
SBS,Cia De Saneamento Basico Do Estado,NYSE
SBW,Western Asset Worldwide Income Fund Inc.,NYSE
SBY,Silver Bay Realty Trust Corp.,NYSE
SCCO,Southern Peru Copper Corp.,NYSE
SCD,Lmp Capital And Income Fund Inc.,NYSE
SCE-F,Sce Trust I,NYSE
SCE-G,Sce Trust II,NYSE
SCG,Scana Corp.,NYSE
SCH-B,Schwab Charles Corporation Depo,NYSE
SCHW,The Charles Schwab Corp.,NYSE
SCI,Service Corporation International,NYSE
SCL,Stepan Company,NYSE
SCL.P,Spepan 5.5 Cvpr,NYSE
SCM,Stellus Capital Investment Cor,NYSE
SCR,Simcere Pharmaceutical Group,NYSE
SCS,Steelcase Inc.,NYSE
SCU,Scana Corp.,NYSE
SCX,L.S. Starrett Company,NYSE
SD,Sandridge Energy Inc.,NYSE
SDLP,Seadrill Partners Llc,NYSE
SDR,Sandridge Mississippian Trust,NYSE
SDRL,Seadrill Limited,NYSE
SDT,Sandridge Mississippian Trust I,NYSE
SE,Spectra Energy Corp,NYSE
SEAS,Seaworld Entertainment Inc. Co,NYSE
SEE,Sealed Air Corp.,NYSE
SEM,Select Medical Holdings Corp.,NYSE
SEM.W,Select Medical Holdings Warrent,NYSE
SEMG,Semgroup Corp.,NYSE
SEP,Spectra Energy Partners Lp,NYSE
SF,Stifel Financial Corp.,NYSE
SFB,Stifel Financial Corp.6.70% Se,NYSE
SFD,Smithfield Foods,NYSE
SFE,Safeguard Scientifics,NYSE
SFG,Stancorp Financial Group,NYSE
SFI,Istar Financial Inc.,NYSE
SFI-D,Istar Fin Pr D,NYSE
SFI-E,Istar Finl Inc Pfd E,NYSE
SFI-F,Istar Finl Inc Pfd F,NYSE
SFI-G,Istar Finl Inc,NYSE
SFI-I,Istar Fincl Inc Pfd,NYSE
SFL,Ship Finance International,NYSE
SFN,Stifel Financial Corp.,NYSE
SFUN,Soufun Holdings,NYSE
SFY,Swift Energy Company,NYSE
SGF,Singapore Fund,NYSE
SGK,Schawk,NYSE
SGL,Strategic Global,NYSE
SGU,Star Gas Partners L.P.,NYSE
SGY,Stone Energy Corp.,NYSE
SGZA,Selective Insurance Group Inc,NYSE
SHG,Shinhan Financial Group Co Ltd,NYSE
SHI,Sinopec Shangai Petrochemical Company,NYSE
SHO,Sunstone Hotel Investors,NYSE
SHO-D,Sunstone Hotel Investors Inc.,NYSE
SHW,Sherwin-Williams Company,NYSE
SI,Siemens Ag,NYSE
SID,National Steel Corp.,NYSE
SIG,Signet Jewelers Limited,NYSE
SIR,Select Income REIT Common Share,NYSE
SIX,Six Flags Entertainment Corporation New,NYSE
SJI,South Jersey Industries,NYSE
SJM,J.M. Smucker Company,NYSE
SJR,Shaw Communications Inc.,NYSE
SJT,San Juan Basin Royalty Trust,NYSE
SJW,Sjw Corp.,NYSE
SKH,Skilled Healthcare Group,NYSE
SKM,Sk Telecom Corporation,NYSE
SKS,Saks Inc.,NYSE
SKT,Tanger Factory Outlet Centers,NYSE
SKX,Skechers U.S.A.,NYSE
SKY,Skyline Corp.,NYSE
SLA,American Select Portfolio,NYSE
SLB,Schlumberger N.V.,NYSE
SLCA,U.S. Silica Holdings Inc.,NYSE
SLF,Sun Life Financial Inc.,NYSE
SLG,Sl Green Realty Corp.,NYSE
SLG-I,Sl Green Realty Corp,NYSE
SLH,Solera Holdings,NYSE
SLRA,Solar Capital Ltd.,NYSE
SLT,Sterlite Industries [India] Limited,NYSE
SLW,Silver Wheaton Corp,NYSE
SM,Sm Energy Company,NYSE
SMA,Symmetry Medical Inc,NYSE
SMF,Salient MLP And Energy Infrast,NYSE
SMFG,Sumitomo Mitsui Financial Group Inc,NYSE
SMG,Scotts Miracle-Gro Company,NYSE
SMI,Semiconductor Manufacturing,NYSE
SMLP,Summit Midstream Partners Lp,NYSE
SMM,Salient Midstream & MLP Fund,NYSE
SMP,Standard Motor Products,NYSE
SMS,Sims Metal Management Limited,NYSE
SN,Sanchez Energy Corporation,NYSE
SNA,Snap-On Inc.,NYSE
SNE,Sony Corp Ord,NYSE
SNH,Senior Housing Properties Trust,NYSE
SNHN,Senior Housing Properties Trus,NYSE
SNI,Scripps Networks Interactive Inc,NYSE
SNN,Smith & Nephew Snats,NYSE
SNP,China Petroleum & Chemical Corp.,NYSE
SNV,Synovus Financial Corp.,NYSE
SNV-C,Synovus Financial Corp. Fixed-,NYSE
SNX,Synnex Corp.,NYSE
SNY,Sanofi-Aventis Sa,NYSE
SO,Southern Company,NYSE
SOL,Renesola Ltd,NYSE
SON,Sonoco Products Company,NYSE
SOR,Source Capital,NYSE
SOV-C,Sovereign Banc Dep S,NYSE
SPA,Sparton Corp.,NYSE
SPB,Spectrum Brands Holdings,NYSE
SPE,Special Opportunities Fund Inc.,NYSE
SPE.P,Special Opportunities Fund In,NYSE
SPF,Standard Pacific Lp,NYSE
SPG,Simon Property Group,NYSE
SPG-J,Simon Prop Grp Pfd J,NYSE
SPH,Suburban Propane Partners L.P.,NYSE
SPLP,Steel Partners Hldgs,NYSE
SPN,Superior Energy Services,NYSE
SPP,Sappi Limited,NYSE
SPR,Spirit Aerosystems Holdings,NYSE
SPW,Spx Corp.,NYSE
SQM,Sociedad Quimica Y Minera S.A.,NYSE
SQNS,Sequans Communications S A,NYSE
SR,Standard Register Company,NYSE
SRC,Spirit Realty Capital Inc.,NYSE
SRE,Sempra Energy,NYSE
SRF,The Cushing Royalty & Income F,NYSE
SRI,Stoneridge,NYSE
SRT,Startek,NYSE
SRV,The Cushing MLP Total Return Fund,NYSE
SSD,Simpson Manufacturing Company,NYSE
SSI,Stage Stores,NYSE
SSL,Sasol Ltd,NYSE
SSNI,Silver Spring Networks Inc. Co,NYSE
SSP,E.W. Scripps Company,NYSE
SSS,Sovran Self Storage,NYSE
SSTK,Shutterstock Inc.,NYSE
SSW,Seaspan Corp.,NYSE
SSW-C,Seaspan Corporation,NYSE
SSW-D,Seaspan Corp,NYSE
ST,Sensata Technologies Holding N.V.,NYSE
STA-A,Stag Industrial Inc. Preferred,NYSE
STAG,STI Inc,NYSE
STC,Stewart Information Services Corp.,NYSE
STE,Steris Corp.,NYSE
STI,Suntrust Banks,NYSE
STI-A,Suntrust Bks Dep Sh,NYSE
STI-E,Suntrust Banks Inc. Series E,NYSE
STI.A,Suntrust Banks Inc Class A,NYSE
STI.B,Suntrust Banks Inc Class B,NYSE
STJ,St. Jude Medical,NYSE
STK,Columbia Seligman Premium Technology,NYSE
STL,Sterling Bancorp,NYSE
STL-A,Sterling Bncp TR I,NYSE
STM,Stmicroelectronics N.V.,NYSE
STN,Stantec Inc,NYSE
STNG,Scorpio Tankers Inc.,NYSE
STO,Statoil Asa,NYSE
STON,Stonemor Partners L.P.,NYSE
STP,Suntech Power Holdings Co.,NYSE
STR,Questar Corp.,NYSE
STRI,Str Holdings Inc,NYSE
STT,State Street Corp,NYSE
STT-C,State Street Corporation Dep Sh,NYSE
STV,China Digital Tv Holding Co.,NYSE
STWD,Starwood Property Trust,NYSE
STZ,Constellation Brands Inc,NYSE
STZ.B,Constellation Brd B,NYSE
SU,Suncor Energy Inc.,NYSE
SUI,Sun Communities,NYSE
SUI-A,Sun Communities Inc.,NYSE
SUNE,Sunedison Inc.,NYSE
SUP,Superior Industries International,NYSE
SUSP,Susser Petroleum Partners Lp,NYSE
SUSS,Susser Holdings Corp.,NYSE
SVM,Silvercorp Metals Inc,NYSE
SVU,Supervalu Inc.,NYSE
SWC,Stillwater Mining Company,NYSE
SWFT,Swift Transportation Company,NYSE
SWI,Solarwinds,NYSE
SWJ,Stanley Black & Decker Inc.,NYSE
SWK,Stanley Black & Decker Inc,NYSE
SWM,Schweitzer-Mauduit International,NYSE
SWN,Southwestern Energy Company,NYSE
SWS,Sws Group,NYSE
SWU,Stanley Black & Decker Inc,NYSE
SWX,Southwest Gas Corp.,NYSE
SWY,Safeway Inc.,NYSE
SWZ,Swiss Helvetia Fund,NYSE
SXC,Suncoke Energy Inc,NYSE
SXCP,Suncoke Energy Partners L.P.,NYSE
SXE,Southcross Energy Partners L.,NYSE
SXI,Standex International Corp.,NYSE
SXL,Sunoco Logistics Partners Lp,NYSE
SXT,Sensient Technologies Corp.,NYSE
SYA,Symetra Financial Corp.,NYSE
SYK,Stryker Corp.,NYSE
SYT,Syngenta Ag,NYSE
SYX,Systemax Inc.,NYSE
SYY,Sysco Corp.,NYSE
SZC,The Cushing Renaissance Fund,NYSE
T,AT&T Inc.,NYSE
TA,Travelcenters Of America Llc,NYSE
TAC,Transalta Corp.,NYSE
TAHO,Tahoe Res Inc,NYSE
TAI,Transamerica Income Shares,NYSE
TAL,Tal International Group,NYSE
TAM,Taminco Corporation Common Stoc,NYSE
TANN,Travelcenters Of America Llc 8.,NYSE
TAOM,Taomee Holdings Limited,NYSE
TAP,Molson Coors Brewing Company,NYSE
TAP.A,Molson Coors Brewing Company,NYSE
TARO,Taro Pharm Inds #,NYSE
TBI,Trueblue Inc,NYSE
TC,Thompson Creek Metals Company Inc.,NYSE
TC-T,Thompson Creek Metals Co. Inc.,NYSE
TCAP,Triangle Capital Corp.,NYSE
TCB,Tcf Financial Corp.,NYSE
TCB-B,Tcf Financial Corporation,NYSE
TCB-C,Tcf Financial Corp,NYSE
TCB.W,Tcf Financial Corporation,NYSE
TCC,Triangle Capital Coproration,NYSE
TCCA,Triangle Capital Corporation,NYSE
TCI,Transcontinental Realty Investors,NYSE
TCK,Teck Resources Ltd,NYSE
TCO,Taubman Centers,NYSE
TCO-J,Taubman Centers Inc. Preferred,NYSE
TCO-K,Taubman Centers Inc.,NYSE
TCP,Trident Performance Group,NYSE
TD,Toronto Dominion Bank,NYSE
TDA,Telephone And Data Systems In,NYSE
TDC,Teradata Corp.,NYSE
TDE,Telephone And Data Systems,NYSE
TDF,Templeton Dragon Fund,NYSE
TDG,Transdigm Group Inc.,NYSE
TDI,Telephone And Data Systems,NYSE
TDJ,Telephone And Data Systems In,NYSE
TDS,Telephone And Data Systems,NYSE
TDW,Tidewater Inc.,NYSE
TDY,Teledyne Technologies Inc.,NYSE
TE,Teco Energy,NYSE
TEF,Telefonica Sa,NYSE
TEG,Integrys Energy Group,NYSE
TEI,Templeton Emerging Markets,NYSE
TEL,Te Connectivity Ltd,NYSE
TEN,Tenneco Automotive,NYSE
TEO,Telecom Argentina Stet - France Telecom,NYSE
TEP,Tallgrass Energy Partners Lp,NYSE
TER,Teradyne,NYSE
TEU,Box Ships Inc.,NYSE
TEU-C,Box Ships Inc.,NYSE
TEVA,Teva Pharmaceutical Industries Limited,NYSE
TEX,Terex Corp.,NYSE
TFG,Fixed Income Trust For Goldman,NYSE
TFX,Teleflex Inc.,NYSE
TG,Tredegar Corp.,NYSE
TGH,Textainer Group Holdings,NYSE
TGI,Triumph Group,NYSE
TGP,Teekay Lng Partners L.P.,NYSE
TGS,Transportadora De Gas Sa Ord B,NYSE
TGT,Target Corp.,NYSE
TGX,Theragenics Corp.,NYSE
THC,Tenet Healthcare Corp.,NYSE
THG,The Hanover Insurance Group,NYSE
THGA,The Hanover Insurance Group I,NYSE
THI,Tim Hortons Inc.,NYSE
THO,Thor Industries,NYSE
THR,Thermon Group Holdings Inc.,NYSE
THS,Treehouse Foods,NYSE
TI,Telecom Italia S.P.A.,NYSE
TI.A,Telecom Italia S.P.A.,NYSE
TIF,Tiffany & Co.,NYSE
TISI,Team,NYSE
TJX,Tjx Companies,NYSE
TK,Teekay Shipping Corp.,NYSE
TKC,Turkcell Iletisim Hizmetleri As,NYSE
TKF,Turkish Investment Fund,NYSE
TKR,Timken Company,NYSE
TLI,Lmp Corporate Loan Fund Inc,NYSE
TLK,P.T. Telekomunikasi Indonesia Tbk.,NYSE
TLLP,Tesoro Logistics Lp Common Unit,NYSE
TLM,Talisman Energy Inc.,NYSE
TLP,Transmontaigne Partners L.P.,NYSE
TLYS,Tilly's Inc.,NYSE
TM,Toyota Motor Corp Ltd Ord,NYSE
TMH,Team Health Holdings,NYSE
TMHC,Taylor Morrison Home Corporatio,NYSE
TMK,Torchmark Corp.,NYSE
TMK-B,Torchmark Corporation,NYSE
TMO,Thermo Fisher Scientific Inc,NYSE
TMS,Tms International Corp.,NYSE
TMUS,T-Mobile US Inc.,NYSE
TNC,Tennant Company,NYSE
TNH,Terra Nitrogen Company L.P.,NYSE
TNK,Teekay Tankers Ltd,NYSE
TNP,Tsakos Energy Navigation Ltd,NYSE
TNP-B,Tsakos Energy Navigation Limit,NYSE
TOL,Toll Brothers Inc.,NYSE
TOO,Teekay Offshore Partners L.P.,NYSE
TOO-A,Teekay Offshore Partners L.P.,NYSE
TOT,Totalfinaelf S.A.,NYSE
TOWR,Tower International,NYSE
TPC,Tutor Perini Corp.,NYSE
TPGI,Thomas Properties Group,NYSE
TPH,Tri Pointe Homes Inc. Common S,NYSE
TPL,Texas Pacific Land Trust,NYSE
TPRE,Third Point Reinsurance Ltd. Co,NYSE
TPX,Tempur-Pedic International Inc,NYSE
TPZ,Tortoise Power And Energy,NYSE
TR,Tootsie Roll Industries,NYSE
TRC,Tejon Ranch Company,NYSE
TREX,Trex Company,NYSE
TRF,Templeton Russia Fund,NYSE
TRGP,Targa Resources,NYSE
TRI,Thomson Reuters Corp,NYSE
TRK,Speedway Motorsports,NYSE
TRLA,Trulia Inc.,NYSE
TRMR,Tremor Video Inc.,NYSE
TRN,Trinity Industries,NYSE
TRN-A,Terreno Realty Corporation Pref,NYSE
TRNO,Terreno Realty Corp.,NYSE
TROX,Tronox Inc,NYSE
TRP,Transcananda Pipelines,NYSE
TRQ,Turquoise Hill Resources Ltd.,NYSE
TRR,Trc Companies,NYSE
TRV,The Travelers Companies Inc,NYSE
TRW,Trw Automotive Holdings Corp.,NYSE
TS,Tenaris S.A.,NYSE
TSI,Tcw Strategic,NYSE
TSL,Trina Solar Limited,NYSE
TSM,Taiwan Semiconductor Manufacturing,NYSE
TSN,Tyson Foods,NYSE
TSO,Tesoro Petroleum Corp.,NYSE
TSS,Total System Services,NYSE
TSU,Tim Participacoes S.A.,NYSE
TTC,Toro Company,NYSE
TTF,Thai Fund,NYSE
TTI,Tetra Technologies,NYSE
TTM,Tata Motors Ltd,NYSE
TTP,Tortoise Pipeline & Energy Fund,NYSE
TU,Telus Corp. Non Voting Shares,NYSE
TUC,Mac-Gray Corp.,NYSE
TUMI,Tumi Holdings Inc.,NYSE
TUP,Tupperware Corp.,NYSE
TV,Grupo Televisa S.A.,NYSE
TVC,Tennessee Valley Authority,NYSE
TVE,Tennessee Valley Authority,NYSE
TVL,Lin Tv Corp,NYSE
TW,Towers Watson & Co,NYSE
TWC,Time Warner Cable Inc,NYSE
TWI,Titan International,NYSE
TWN,Taiwan Fund,NYSE
TWO,Two Harbors Investments Corp,NYSE
TWX,Time Warner Inc.,NYSE
TX,Ternium S.A.,NYSE
TXI,Texas Industries,NYSE
TXT,Textron Inc.,NYSE
TXTR,Textura Corporation,NYSE
TY,Tri Continental Corp.,NYSE
TY.P,Tri Contl Cp 2.50 Pr,NYSE
TYC,Tyco International Ltd.,NYSE
TYG,Tortoise Energy Infrastructure Corp.,NYSE
TYG-B,Tortoise Energy Infrastructure,NYSE
TYL,Tyler Technologies,NYSE
TYN,Tortoise North American Energy Corp.,NYSE
TYY,Tortoise Energy Capital Corp.,NYSE
TYY-C,Tortoise Energy Capital Copror,NYSE
TZF,Bear Stearns Depositor,NYSE
UA,Under Armour,NYSE
UAL,United Continental Holdings,NYSE
UAM,Universal American Financial,NYSE
UAN,Cvr Partners Lp Common Units R,NYSE
UBA,Urstadt Biddle Properties Inc.,NYSE
UBP,Urstadt Biddle Properties Inc.,NYSE
UBP-D,Urstadt Biddle Prf D,NYSE
UBP-F,Privatebancorp Inc.,NYSE
UBS,UBS Ag,NYSE
UBS-D,UBS Pfd Fndg TR IV,NYSE
UCP,Ucp Inc.,NYSE
UDR,United Dominion Realty Trust,NYSE
UFI,Unifi,NYSE
UFS,Domtar Corp.,NYSE
UGI,Ugi Corp.,NYSE
UGP,Ultrapar Participacoes S.A.,NYSE
UHS,Universal Health Services,NYSE
UHT,Universal Health Realty Income Trust,NYSE
UIL,Uil Holdings Corp.,NYSE
UIS,Unisys Corp.,NYSE
UIS-A,Unisys Corporation Series A Con,NYSE
UL,Unilever Plc,NYSE
UMC,United Microelectronics Corp.,NYSE
UMH,Umh Properties,NYSE
UMH-A,Umh Properties Inc. 8.25% Seri,NYSE
UN,Unilever Nv,NYSE
UNF,Unifirst Corp.,NYSE
UNH,Unitedhealth Group Inc.,NYSE
UNM,Unumprovident Corp.,NYSE
UNP,Union Pacific Corp.,NYSE
UNS,Unisource Energy Corp.,NYSE
UNT,Unit Corp.,NYSE
UPL,Ultra Petroleum,NYSE
UPS,United Parcel Service,NYSE
URI,United Rentals,NYSE
URS,Urs Corp.,NYSE
USA,Liberty All-Star Equity Fund,NYSE
USAC,USA Compression Partners Lp,NYSE
USB,U.S. Bancorp,NYSE
USB-A,U.S. Bancorp Depositary Shares,NYSE
USB-H,US Bancorp Dep Sh,NYSE
USB-M,U.S. Bancorp,NYSE
USB-N,U.S. Bancorp,NYSE
USB-O,U.S. Bancorp,NYSE
USG,Usg Corp.,NYSE
USM,United States Cellular Corp.,NYSE
USNA,Usana Health Sciences Inc.,NYSE
USPH,U.S. Physical Therapy,NYSE
USU,Usec Inc.,NYSE
UTF,Cohen & Steers Infrastructure Fund,NYSE
UTI,Universal Technical Institute Inc,NYSE
UTL,Unitil Corp.,NYSE
UTX,United Technologies Corp.,NYSE
UTX-A,United Technologies Corporatio,NYSE
UVV,Universal Corp.,NYSE
UZA,United States Cellular Corp.,NYSE
V,Visa Inc.,NYSE
VAC,Marriot Vacations Worldwide Cor,NYSE
VAL,Valspar Corp.,NYSE
VAL.P,Vale S.A.,NYSE
VALE,Vale S.A.,NYSE
VAR,Varian Medical Systems,NYSE
VBF,Invesco Van Kampen Bond Fund,NYSE
VC,Visteon Corp.,NYSE
VCI,Valassis Communications,NYSE
VCO,Vina Concha Y Toro,NYSE
VCRA,Vocera Communications Inc.,NYSE
WAB,Wabtec Corp.,NYSE
WAC,Walter Investment Management Corp.,NYSE
WAG,Walgreen Company,NYSE
WAGE,Wageworks Inc.,NYSE
WAIR,Wesco Aircraft Holdings Inc.,NYSE
WAL,Western Alliance Bancorporation,NYSE
WAT,Waters Corp.,NYSE
WBC,Wabco Holdings Inc.,NYSE
WBK,Westpac Banking Corp.,NYSE
WBS,Webster Financial Corp.,NYSE
X,United States Steel Corp.,NYSE
XAA,American Muni Income Portfolio,NYSE
XCO,Exco Resources Nl,NYSE
XEC,Cimarex Energy Co,NYSE
XEL,Xcel Energy Inc.,NYSE
XFP,Lehman Abs Corp.,NYSE
XFR,Lehman Abs Corp.,NYSE
XIN,Xinyuan Real Estate Co Ltd,NYSE
XKE,Lehman Abs Corp.,NYSE
XKO,Lehman Abs Corp.,NYSE
XL,Xl Company Switzerland Gmbh,NYSE
XLS,Exelis Inc. Common Stock New Wh,NYSE
XNY,China Xiniya Fashion,NYSE
XOM,Exxon Mobil Corp.,NYSE
XON,Intrexon Corp,NYSE
XOXO,Xoxo Group Inc,NYSE
XPO,Express-1 Expedited Solutions,NYSE
XRM,Xerium Technologies,NYSE
XRS,Tal Education Group,NYSE
XRX,Xerox Corp.,NYSE
XUE,Xueda Education Group,NYSE
XVG,Lehman Abs Corp.,NYSE
XYL,Xylem Inc. Common Stock New Whe,NYSE
Y,Alleghany Corp.,NYSE
YELP,Yelp Inc.,NYSE
YGE,Yingli Green Energy Holding Company,NYSE
YOKU,Youku.Com Inc.,NYSE
YPF,Ypf Sociedad Anonima,NYSE
YUM,Yum! Brands,NYSE
YUME,Yume Inc.,NYSE
YZC,Yanzhou Coal Mining Company,NYSE
ZA,Zuoan Fashion Limited American,NYSE
ZB-A,Zions Bc Dp Shs A,NYSE
ZB-C,Zions Bancorporation,NYSE
ZB-F,Zions Bancorporation,NYSE
ZB-G,Zions Bancorporation,NYSE
ZB-H,Zions Bancorporation,NYSE
ZEP,Zep Inc.,NYSE
ZF,Zweig Fund,NYSE
ZFC,Zais Financial Corp. Common Sto,NYSE
ZLC,Zale Corporation,NYSE
ZMH,Zimmer Holdings,NYSE
ZNH,China Southern Airlines Company,NYSE
ZQK,Quiksilver,NYSE
ZTR,Zweig Total Return Fund,NYSE
ZTS,Zoetis Inc. Class A Common Stoc,NYSE
ZX,China Zenix Auto International,NYSE